make -C ./src/backend generated-headers
make[1]: Entering directory '/home/zpconn/code/aerostore/target/contention-tuned-validation/native-postgres/source/postgresql-16.13/src/backend'
make -C catalog distprep generated-header-symlinks
make[2]: Entering directory '/home/zpconn/code/aerostore/target/contention-tuned-validation/native-postgres/source/postgresql-16.13/src/backend/catalog'
make[2]: Nothing to be done for 'distprep'.
make[2]: Nothing to be done for 'generated-header-symlinks'.
make[2]: Leaving directory '/home/zpconn/code/aerostore/target/contention-tuned-validation/native-postgres/source/postgresql-16.13/src/backend/catalog'
make -C nodes distprep generated-header-symlinks
make[2]: Entering directory '/home/zpconn/code/aerostore/target/contention-tuned-validation/native-postgres/source/postgresql-16.13/src/backend/nodes'
make[2]: Nothing to be done for 'distprep'.
make[2]: Nothing to be done for 'generated-header-symlinks'.
make[2]: Leaving directory '/home/zpconn/code/aerostore/target/contention-tuned-validation/native-postgres/source/postgresql-16.13/src/backend/nodes'
make -C utils distprep generated-header-symlinks
make[2]: Entering directory '/home/zpconn/code/aerostore/target/contention-tuned-validation/native-postgres/source/postgresql-16.13/src/backend/utils'
make[2]: Nothing to be done for 'distprep'.
make -C adt jsonpath_gram.h
make[3]: Entering directory '/home/zpconn/code/aerostore/target/contention-tuned-validation/native-postgres/source/postgresql-16.13/src/backend/utils/adt'
make[3]: 'jsonpath_gram.h' is up to date.
make[3]: Leaving directory '/home/zpconn/code/aerostore/target/contention-tuned-validation/native-postgres/source/postgresql-16.13/src/backend/utils/adt'
make[2]: Leaving directory '/home/zpconn/code/aerostore/target/contention-tuned-validation/native-postgres/source/postgresql-16.13/src/backend/utils'
make[1]: Leaving directory '/home/zpconn/code/aerostore/target/contention-tuned-validation/native-postgres/source/postgresql-16.13/src/backend'
make -C src install
make[1]: Entering directory '/home/zpconn/code/aerostore/target/contention-tuned-validation/native-postgres/source/postgresql-16.13/src'
make -C common install
make[2]: Entering directory '/home/zpconn/code/aerostore/target/contention-tuned-validation/native-postgres/source/postgresql-16.13/src/common'
/usr/bin/mkdir -p '/home/zpconn/code/aerostore/target/contention-tuned-validation/native-postgres/install/lib'
/usr/bin/install -c -m 644  libpgcommon.a '/home/zpconn/code/aerostore/target/contention-tuned-validation/native-postgres/install/lib/libpgcommon.a'
/usr/bin/install -c -m 644  libpgcommon_shlib.a '/home/zpconn/code/aerostore/target/contention-tuned-validation/native-postgres/install/lib/libpgcommon_shlib.a'
make[2]: Leaving directory '/home/zpconn/code/aerostore/target/contention-tuned-validation/native-postgres/source/postgresql-16.13/src/common'
make -C port install
make[2]: Entering directory '/home/zpconn/code/aerostore/target/contention-tuned-validation/native-postgres/source/postgresql-16.13/src/port'
/usr/bin/mkdir -p '/home/zpconn/code/aerostore/target/contention-tuned-validation/native-postgres/install/lib'
/usr/bin/install -c -m 644  libpgport.a '/home/zpconn/code/aerostore/target/contention-tuned-validation/native-postgres/install/lib/libpgport.a'
/usr/bin/install -c -m 644  libpgport_shlib.a '/home/zpconn/code/aerostore/target/contention-tuned-validation/native-postgres/install/lib/libpgport_shlib.a'
make[2]: Leaving directory '/home/zpconn/code/aerostore/target/contention-tuned-validation/native-postgres/source/postgresql-16.13/src/port'
make -C timezone install
make[2]: Entering directory '/home/zpconn/code/aerostore/target/contention-tuned-validation/native-postgres/source/postgresql-16.13/src/timezone'
make -C ../../src/port all
make[3]: Entering directory '/home/zpconn/code/aerostore/target/contention-tuned-validation/native-postgres/source/postgresql-16.13/src/port'
make[3]: Nothing to be done for 'all'.
make[3]: Leaving directory '/home/zpconn/code/aerostore/target/contention-tuned-validation/native-postgres/source/postgresql-16.13/src/port'
make -C ../../src/common all
make[3]: Entering directory '/home/zpconn/code/aerostore/target/contention-tuned-validation/native-postgres/source/postgresql-16.13/src/common'
make[3]: Nothing to be done for 'all'.
make[3]: Leaving directory '/home/zpconn/code/aerostore/target/contention-tuned-validation/native-postgres/source/postgresql-16.13/src/common'
/usr/bin/mkdir -p '/home/zpconn/code/aerostore/target/contention-tuned-validation/native-postgres/install/share'
./zic -d '/home/zpconn/code/aerostore/target/contention-tuned-validation/native-postgres/install/share/timezone'  ./data/tzdata.zi
make -C tznames install
make[3]: Entering directory '/home/zpconn/code/aerostore/target/contention-tuned-validation/native-postgres/source/postgresql-16.13/src/timezone/tznames'
/usr/bin/mkdir -p '/home/zpconn/code/aerostore/target/contention-tuned-validation/native-postgres/install/share/timezonesets'
/usr/bin/install -c -m 644 ./Africa.txt ./America.txt ./Antarctica.txt ./Asia.txt ./Atlantic.txt ./Australia.txt ./Etc.txt ./Europe.txt ./Indian.txt ./Pacific.txt '/home/zpconn/code/aerostore/target/contention-tuned-validation/native-postgres/install/share/timezonesets'
/usr/bin/install -c -m 644 ./Default ./Australia ./India '/home/zpconn/code/aerostore/target/contention-tuned-validation/native-postgres/install/share/timezonesets'
make[3]: Leaving directory '/home/zpconn/code/aerostore/target/contention-tuned-validation/native-postgres/source/postgresql-16.13/src/timezone/tznames'
make[2]: Leaving directory '/home/zpconn/code/aerostore/target/contention-tuned-validation/native-postgres/source/postgresql-16.13/src/timezone'
make -C backend install
make[2]: Entering directory '/home/zpconn/code/aerostore/target/contention-tuned-validation/native-postgres/source/postgresql-16.13/src/backend'
make -C ../../src/port all
make[3]: Entering directory '/home/zpconn/code/aerostore/target/contention-tuned-validation/native-postgres/source/postgresql-16.13/src/port'
make[3]: Nothing to be done for 'all'.
make[3]: Leaving directory '/home/zpconn/code/aerostore/target/contention-tuned-validation/native-postgres/source/postgresql-16.13/src/port'
make -C ../../src/common all
make[3]: Entering directory '/home/zpconn/code/aerostore/target/contention-tuned-validation/native-postgres/source/postgresql-16.13/src/common'
make[3]: Nothing to be done for 'all'.
make[3]: Leaving directory '/home/zpconn/code/aerostore/target/contention-tuned-validation/native-postgres/source/postgresql-16.13/src/common'
make -C catalog distprep generated-header-symlinks
make[3]: Entering directory '/home/zpconn/code/aerostore/target/contention-tuned-validation/native-postgres/source/postgresql-16.13/src/backend/catalog'
make[3]: Nothing to be done for 'distprep'.
make[3]: Nothing to be done for 'generated-header-symlinks'.
make[3]: Leaving directory '/home/zpconn/code/aerostore/target/contention-tuned-validation/native-postgres/source/postgresql-16.13/src/backend/catalog'
make -C utils distprep generated-header-symlinks
make[3]: Entering directory '/home/zpconn/code/aerostore/target/contention-tuned-validation/native-postgres/source/postgresql-16.13/src/backend/utils'
make[3]: Nothing to be done for 'distprep'.
make -C adt jsonpath_gram.h
make[4]: Entering directory '/home/zpconn/code/aerostore/target/contention-tuned-validation/native-postgres/source/postgresql-16.13/src/backend/utils/adt'
make[4]: 'jsonpath_gram.h' is up to date.
make[4]: Leaving directory '/home/zpconn/code/aerostore/target/contention-tuned-validation/native-postgres/source/postgresql-16.13/src/backend/utils/adt'
make[3]: Leaving directory '/home/zpconn/code/aerostore/target/contention-tuned-validation/native-postgres/source/postgresql-16.13/src/backend/utils'
make -C access all
make[3]: Entering directory '/home/zpconn/code/aerostore/target/contention-tuned-validation/native-postgres/source/postgresql-16.13/src/backend/access'
make -C brin all
make[4]: Entering directory '/home/zpconn/code/aerostore/target/contention-tuned-validation/native-postgres/source/postgresql-16.13/src/backend/access/brin'
make[4]: Nothing to be done for 'all'.
make[4]: Leaving directory '/home/zpconn/code/aerostore/target/contention-tuned-validation/native-postgres/source/postgresql-16.13/src/backend/access/brin'
make -C common all
make[4]: Entering directory '/home/zpconn/code/aerostore/target/contention-tuned-validation/native-postgres/source/postgresql-16.13/src/backend/access/common'
make[4]: Nothing to be done for 'all'.
make[4]: Leaving directory '/home/zpconn/code/aerostore/target/contention-tuned-validation/native-postgres/source/postgresql-16.13/src/backend/access/common'
make -C gin all
make[4]: Entering directory '/home/zpconn/code/aerostore/target/contention-tuned-validation/native-postgres/source/postgresql-16.13/src/backend/access/gin'
make[4]: Nothing to be done for 'all'.
make[4]: Leaving directory '/home/zpconn/code/aerostore/target/contention-tuned-validation/native-postgres/source/postgresql-16.13/src/backend/access/gin'
make -C gist all
make[4]: Entering directory '/home/zpconn/code/aerostore/target/contention-tuned-validation/native-postgres/source/postgresql-16.13/src/backend/access/gist'
make[4]: Nothing to be done for 'all'.
make[4]: Leaving directory '/home/zpconn/code/aerostore/target/contention-tuned-validation/native-postgres/source/postgresql-16.13/src/backend/access/gist'
make -C hash all
make[4]: Entering directory '/home/zpconn/code/aerostore/target/contention-tuned-validation/native-postgres/source/postgresql-16.13/src/backend/access/hash'
make[4]: Nothing to be done for 'all'.
make[4]: Leaving directory '/home/zpconn/code/aerostore/target/contention-tuned-validation/native-postgres/source/postgresql-16.13/src/backend/access/hash'
make -C heap all
make[4]: Entering directory '/home/zpconn/code/aerostore/target/contention-tuned-validation/native-postgres/source/postgresql-16.13/src/backend/access/heap'
make[4]: Nothing to be done for 'all'.
make[4]: Leaving directory '/home/zpconn/code/aerostore/target/contention-tuned-validation/native-postgres/source/postgresql-16.13/src/backend/access/heap'
make -C index all
make[4]: Entering directory '/home/zpconn/code/aerostore/target/contention-tuned-validation/native-postgres/source/postgresql-16.13/src/backend/access/index'
make[4]: Nothing to be done for 'all'.
make[4]: Leaving directory '/home/zpconn/code/aerostore/target/contention-tuned-validation/native-postgres/source/postgresql-16.13/src/backend/access/index'
make -C nbtree all
make[4]: Entering directory '/home/zpconn/code/aerostore/target/contention-tuned-validation/native-postgres/source/postgresql-16.13/src/backend/access/nbtree'
make[4]: Nothing to be done for 'all'.
make[4]: Leaving directory '/home/zpconn/code/aerostore/target/contention-tuned-validation/native-postgres/source/postgresql-16.13/src/backend/access/nbtree'
make -C rmgrdesc all
make[4]: Entering directory '/home/zpconn/code/aerostore/target/contention-tuned-validation/native-postgres/source/postgresql-16.13/src/backend/access/rmgrdesc'
make[4]: Nothing to be done for 'all'.
make[4]: Leaving directory '/home/zpconn/code/aerostore/target/contention-tuned-validation/native-postgres/source/postgresql-16.13/src/backend/access/rmgrdesc'
make -C spgist all
make[4]: Entering directory '/home/zpconn/code/aerostore/target/contention-tuned-validation/native-postgres/source/postgresql-16.13/src/backend/access/spgist'
make[4]: Nothing to be done for 'all'.
make[4]: Leaving directory '/home/zpconn/code/aerostore/target/contention-tuned-validation/native-postgres/source/postgresql-16.13/src/backend/access/spgist'
make -C table all
make[4]: Entering directory '/home/zpconn/code/aerostore/target/contention-tuned-validation/native-postgres/source/postgresql-16.13/src/backend/access/table'
make[4]: Nothing to be done for 'all'.
make[4]: Leaving directory '/home/zpconn/code/aerostore/target/contention-tuned-validation/native-postgres/source/postgresql-16.13/src/backend/access/table'
make -C tablesample all
make[4]: Entering directory '/home/zpconn/code/aerostore/target/contention-tuned-validation/native-postgres/source/postgresql-16.13/src/backend/access/tablesample'
make[4]: Nothing to be done for 'all'.
make[4]: Leaving directory '/home/zpconn/code/aerostore/target/contention-tuned-validation/native-postgres/source/postgresql-16.13/src/backend/access/tablesample'
make -C transam all
make[4]: Entering directory '/home/zpconn/code/aerostore/target/contention-tuned-validation/native-postgres/source/postgresql-16.13/src/backend/access/transam'
make[4]: Nothing to be done for 'all'.
make[4]: Leaving directory '/home/zpconn/code/aerostore/target/contention-tuned-validation/native-postgres/source/postgresql-16.13/src/backend/access/transam'
make[3]: Leaving directory '/home/zpconn/code/aerostore/target/contention-tuned-validation/native-postgres/source/postgresql-16.13/src/backend/access'
make -C archive all
make[3]: Entering directory '/home/zpconn/code/aerostore/target/contention-tuned-validation/native-postgres/source/postgresql-16.13/src/backend/archive'
make[3]: Nothing to be done for 'all'.
make[3]: Leaving directory '/home/zpconn/code/aerostore/target/contention-tuned-validation/native-postgres/source/postgresql-16.13/src/backend/archive'
make -C backup all
make[3]: Entering directory '/home/zpconn/code/aerostore/target/contention-tuned-validation/native-postgres/source/postgresql-16.13/src/backend/backup'
make[3]: Nothing to be done for 'all'.
make[3]: Leaving directory '/home/zpconn/code/aerostore/target/contention-tuned-validation/native-postgres/source/postgresql-16.13/src/backend/backup'
make -C bootstrap all
make[3]: Entering directory '/home/zpconn/code/aerostore/target/contention-tuned-validation/native-postgres/source/postgresql-16.13/src/backend/bootstrap'
make[3]: Nothing to be done for 'all'.
make[3]: Leaving directory '/home/zpconn/code/aerostore/target/contention-tuned-validation/native-postgres/source/postgresql-16.13/src/backend/bootstrap'
make -C catalog all
make[3]: Entering directory '/home/zpconn/code/aerostore/target/contention-tuned-validation/native-postgres/source/postgresql-16.13/src/backend/catalog'
make[3]: Nothing to be done for 'all'.
make[3]: Leaving directory '/home/zpconn/code/aerostore/target/contention-tuned-validation/native-postgres/source/postgresql-16.13/src/backend/catalog'
make -C parser all
make[3]: Entering directory '/home/zpconn/code/aerostore/target/contention-tuned-validation/native-postgres/source/postgresql-16.13/src/backend/parser'
make[3]: Nothing to be done for 'all'.
make[3]: Leaving directory '/home/zpconn/code/aerostore/target/contention-tuned-validation/native-postgres/source/postgresql-16.13/src/backend/parser'
make -C commands all
make[3]: Entering directory '/home/zpconn/code/aerostore/target/contention-tuned-validation/native-postgres/source/postgresql-16.13/src/backend/commands'
make[3]: Nothing to be done for 'all'.
make[3]: Leaving directory '/home/zpconn/code/aerostore/target/contention-tuned-validation/native-postgres/source/postgresql-16.13/src/backend/commands'
make -C executor all
make[3]: Entering directory '/home/zpconn/code/aerostore/target/contention-tuned-validation/native-postgres/source/postgresql-16.13/src/backend/executor'
make[3]: Nothing to be done for 'all'.
make[3]: Leaving directory '/home/zpconn/code/aerostore/target/contention-tuned-validation/native-postgres/source/postgresql-16.13/src/backend/executor'
make -C foreign all
make[3]: Entering directory '/home/zpconn/code/aerostore/target/contention-tuned-validation/native-postgres/source/postgresql-16.13/src/backend/foreign'
make[3]: Nothing to be done for 'all'.
make[3]: Leaving directory '/home/zpconn/code/aerostore/target/contention-tuned-validation/native-postgres/source/postgresql-16.13/src/backend/foreign'
make -C lib all
make[3]: Entering directory '/home/zpconn/code/aerostore/target/contention-tuned-validation/native-postgres/source/postgresql-16.13/src/backend/lib'
make[3]: Nothing to be done for 'all'.
make[3]: Leaving directory '/home/zpconn/code/aerostore/target/contention-tuned-validation/native-postgres/source/postgresql-16.13/src/backend/lib'
make -C libpq all
make[3]: Entering directory '/home/zpconn/code/aerostore/target/contention-tuned-validation/native-postgres/source/postgresql-16.13/src/backend/libpq'
make[3]: Nothing to be done for 'all'.
make[3]: Leaving directory '/home/zpconn/code/aerostore/target/contention-tuned-validation/native-postgres/source/postgresql-16.13/src/backend/libpq'
make -C main all
make[3]: Entering directory '/home/zpconn/code/aerostore/target/contention-tuned-validation/native-postgres/source/postgresql-16.13/src/backend/main'
make[3]: Nothing to be done for 'all'.
make[3]: Leaving directory '/home/zpconn/code/aerostore/target/contention-tuned-validation/native-postgres/source/postgresql-16.13/src/backend/main'
make -C nodes all
make[3]: Entering directory '/home/zpconn/code/aerostore/target/contention-tuned-validation/native-postgres/source/postgresql-16.13/src/backend/nodes'
make[3]: Nothing to be done for 'all'.
make[3]: Leaving directory '/home/zpconn/code/aerostore/target/contention-tuned-validation/native-postgres/source/postgresql-16.13/src/backend/nodes'
make -C optimizer all
make[3]: Entering directory '/home/zpconn/code/aerostore/target/contention-tuned-validation/native-postgres/source/postgresql-16.13/src/backend/optimizer'
make -C geqo all
make[4]: Entering directory '/home/zpconn/code/aerostore/target/contention-tuned-validation/native-postgres/source/postgresql-16.13/src/backend/optimizer/geqo'
make[4]: Nothing to be done for 'all'.
make[4]: Leaving directory '/home/zpconn/code/aerostore/target/contention-tuned-validation/native-postgres/source/postgresql-16.13/src/backend/optimizer/geqo'
make -C path all
make[4]: Entering directory '/home/zpconn/code/aerostore/target/contention-tuned-validation/native-postgres/source/postgresql-16.13/src/backend/optimizer/path'
make[4]: Nothing to be done for 'all'.
make[4]: Leaving directory '/home/zpconn/code/aerostore/target/contention-tuned-validation/native-postgres/source/postgresql-16.13/src/backend/optimizer/path'
make -C plan all
make[4]: Entering directory '/home/zpconn/code/aerostore/target/contention-tuned-validation/native-postgres/source/postgresql-16.13/src/backend/optimizer/plan'
make[4]: Nothing to be done for 'all'.
make[4]: Leaving directory '/home/zpconn/code/aerostore/target/contention-tuned-validation/native-postgres/source/postgresql-16.13/src/backend/optimizer/plan'
make -C prep all
make[4]: Entering directory '/home/zpconn/code/aerostore/target/contention-tuned-validation/native-postgres/source/postgresql-16.13/src/backend/optimizer/prep'
make[4]: Nothing to be done for 'all'.
make[4]: Leaving directory '/home/zpconn/code/aerostore/target/contention-tuned-validation/native-postgres/source/postgresql-16.13/src/backend/optimizer/prep'
make -C util all
make[4]: Entering directory '/home/zpconn/code/aerostore/target/contention-tuned-validation/native-postgres/source/postgresql-16.13/src/backend/optimizer/util'
make[4]: Nothing to be done for 'all'.
make[4]: Leaving directory '/home/zpconn/code/aerostore/target/contention-tuned-validation/native-postgres/source/postgresql-16.13/src/backend/optimizer/util'
make[3]: Leaving directory '/home/zpconn/code/aerostore/target/contention-tuned-validation/native-postgres/source/postgresql-16.13/src/backend/optimizer'
make -C partitioning all
make[3]: Entering directory '/home/zpconn/code/aerostore/target/contention-tuned-validation/native-postgres/source/postgresql-16.13/src/backend/partitioning'
make[3]: Nothing to be done for 'all'.
make[3]: Leaving directory '/home/zpconn/code/aerostore/target/contention-tuned-validation/native-postgres/source/postgresql-16.13/src/backend/partitioning'
make -C port all
make[3]: Entering directory '/home/zpconn/code/aerostore/target/contention-tuned-validation/native-postgres/source/postgresql-16.13/src/backend/port'
make[3]: Nothing to be done for 'all'.
make[3]: Leaving directory '/home/zpconn/code/aerostore/target/contention-tuned-validation/native-postgres/source/postgresql-16.13/src/backend/port'
make -C postmaster all
make[3]: Entering directory '/home/zpconn/code/aerostore/target/contention-tuned-validation/native-postgres/source/postgresql-16.13/src/backend/postmaster'
make[3]: Nothing to be done for 'all'.
make[3]: Leaving directory '/home/zpconn/code/aerostore/target/contention-tuned-validation/native-postgres/source/postgresql-16.13/src/backend/postmaster'
make -C regex all
make[3]: Entering directory '/home/zpconn/code/aerostore/target/contention-tuned-validation/native-postgres/source/postgresql-16.13/src/backend/regex'
make[3]: Nothing to be done for 'all'.
make[3]: Leaving directory '/home/zpconn/code/aerostore/target/contention-tuned-validation/native-postgres/source/postgresql-16.13/src/backend/regex'
make -C replication all
make[3]: Entering directory '/home/zpconn/code/aerostore/target/contention-tuned-validation/native-postgres/source/postgresql-16.13/src/backend/replication'
make -C logical all
make[4]: Entering directory '/home/zpconn/code/aerostore/target/contention-tuned-validation/native-postgres/source/postgresql-16.13/src/backend/replication/logical'
make[4]: Nothing to be done for 'all'.
make[4]: Leaving directory '/home/zpconn/code/aerostore/target/contention-tuned-validation/native-postgres/source/postgresql-16.13/src/backend/replication/logical'
make[3]: Leaving directory '/home/zpconn/code/aerostore/target/contention-tuned-validation/native-postgres/source/postgresql-16.13/src/backend/replication'
make -C rewrite all
make[3]: Entering directory '/home/zpconn/code/aerostore/target/contention-tuned-validation/native-postgres/source/postgresql-16.13/src/backend/rewrite'
make[3]: Nothing to be done for 'all'.
make[3]: Leaving directory '/home/zpconn/code/aerostore/target/contention-tuned-validation/native-postgres/source/postgresql-16.13/src/backend/rewrite'
make -C statistics all
make[3]: Entering directory '/home/zpconn/code/aerostore/target/contention-tuned-validation/native-postgres/source/postgresql-16.13/src/backend/statistics'
make[3]: Nothing to be done for 'all'.
make[3]: Leaving directory '/home/zpconn/code/aerostore/target/contention-tuned-validation/native-postgres/source/postgresql-16.13/src/backend/statistics'
make -C storage all
make[3]: Entering directory '/home/zpconn/code/aerostore/target/contention-tuned-validation/native-postgres/source/postgresql-16.13/src/backend/storage'
make -C buffer all
make[4]: Entering directory '/home/zpconn/code/aerostore/target/contention-tuned-validation/native-postgres/source/postgresql-16.13/src/backend/storage/buffer'
make[4]: Nothing to be done for 'all'.
make[4]: Leaving directory '/home/zpconn/code/aerostore/target/contention-tuned-validation/native-postgres/source/postgresql-16.13/src/backend/storage/buffer'
make -C file all
make[4]: Entering directory '/home/zpconn/code/aerostore/target/contention-tuned-validation/native-postgres/source/postgresql-16.13/src/backend/storage/file'
make[4]: Nothing to be done for 'all'.
make[4]: Leaving directory '/home/zpconn/code/aerostore/target/contention-tuned-validation/native-postgres/source/postgresql-16.13/src/backend/storage/file'
make -C freespace all
make[4]: Entering directory '/home/zpconn/code/aerostore/target/contention-tuned-validation/native-postgres/source/postgresql-16.13/src/backend/storage/freespace'
make[4]: Nothing to be done for 'all'.
make[4]: Leaving directory '/home/zpconn/code/aerostore/target/contention-tuned-validation/native-postgres/source/postgresql-16.13/src/backend/storage/freespace'
make -C ipc all
make[4]: Entering directory '/home/zpconn/code/aerostore/target/contention-tuned-validation/native-postgres/source/postgresql-16.13/src/backend/storage/ipc'
make[4]: Nothing to be done for 'all'.
make[4]: Leaving directory '/home/zpconn/code/aerostore/target/contention-tuned-validation/native-postgres/source/postgresql-16.13/src/backend/storage/ipc'
make -C large_object all
make[4]: Entering directory '/home/zpconn/code/aerostore/target/contention-tuned-validation/native-postgres/source/postgresql-16.13/src/backend/storage/large_object'
make[4]: Nothing to be done for 'all'.
make[4]: Leaving directory '/home/zpconn/code/aerostore/target/contention-tuned-validation/native-postgres/source/postgresql-16.13/src/backend/storage/large_object'
make -C lmgr all
make[4]: Entering directory '/home/zpconn/code/aerostore/target/contention-tuned-validation/native-postgres/source/postgresql-16.13/src/backend/storage/lmgr'
make[4]: Nothing to be done for 'all'.
make[4]: Leaving directory '/home/zpconn/code/aerostore/target/contention-tuned-validation/native-postgres/source/postgresql-16.13/src/backend/storage/lmgr'
make -C page all
make[4]: Entering directory '/home/zpconn/code/aerostore/target/contention-tuned-validation/native-postgres/source/postgresql-16.13/src/backend/storage/page'
make[4]: Nothing to be done for 'all'.
make[4]: Leaving directory '/home/zpconn/code/aerostore/target/contention-tuned-validation/native-postgres/source/postgresql-16.13/src/backend/storage/page'
make -C smgr all
make[4]: Entering directory '/home/zpconn/code/aerostore/target/contention-tuned-validation/native-postgres/source/postgresql-16.13/src/backend/storage/smgr'
make[4]: Nothing to be done for 'all'.
make[4]: Leaving directory '/home/zpconn/code/aerostore/target/contention-tuned-validation/native-postgres/source/postgresql-16.13/src/backend/storage/smgr'
make -C sync all
make[4]: Entering directory '/home/zpconn/code/aerostore/target/contention-tuned-validation/native-postgres/source/postgresql-16.13/src/backend/storage/sync'
make[4]: Nothing to be done for 'all'.
make[4]: Leaving directory '/home/zpconn/code/aerostore/target/contention-tuned-validation/native-postgres/source/postgresql-16.13/src/backend/storage/sync'
make[3]: Leaving directory '/home/zpconn/code/aerostore/target/contention-tuned-validation/native-postgres/source/postgresql-16.13/src/backend/storage'
make -C tcop all
make[3]: Entering directory '/home/zpconn/code/aerostore/target/contention-tuned-validation/native-postgres/source/postgresql-16.13/src/backend/tcop'
make[3]: Nothing to be done for 'all'.
make[3]: Leaving directory '/home/zpconn/code/aerostore/target/contention-tuned-validation/native-postgres/source/postgresql-16.13/src/backend/tcop'
make -C tsearch all
make[3]: Entering directory '/home/zpconn/code/aerostore/target/contention-tuned-validation/native-postgres/source/postgresql-16.13/src/backend/tsearch'
make[3]: Nothing to be done for 'all'.
make[3]: Leaving directory '/home/zpconn/code/aerostore/target/contention-tuned-validation/native-postgres/source/postgresql-16.13/src/backend/tsearch'
make -C utils all
make[3]: Entering directory '/home/zpconn/code/aerostore/target/contention-tuned-validation/native-postgres/source/postgresql-16.13/src/backend/utils'
make -C activity all
make[4]: Entering directory '/home/zpconn/code/aerostore/target/contention-tuned-validation/native-postgres/source/postgresql-16.13/src/backend/utils/activity'
make[4]: Nothing to be done for 'all'.
make[4]: Leaving directory '/home/zpconn/code/aerostore/target/contention-tuned-validation/native-postgres/source/postgresql-16.13/src/backend/utils/activity'
make -C adt all
make[4]: Entering directory '/home/zpconn/code/aerostore/target/contention-tuned-validation/native-postgres/source/postgresql-16.13/src/backend/utils/adt'
make[4]: Nothing to be done for 'all'.
make[4]: Leaving directory '/home/zpconn/code/aerostore/target/contention-tuned-validation/native-postgres/source/postgresql-16.13/src/backend/utils/adt'
make -C cache all
make[4]: Entering directory '/home/zpconn/code/aerostore/target/contention-tuned-validation/native-postgres/source/postgresql-16.13/src/backend/utils/cache'
make[4]: Nothing to be done for 'all'.
make[4]: Leaving directory '/home/zpconn/code/aerostore/target/contention-tuned-validation/native-postgres/source/postgresql-16.13/src/backend/utils/cache'
make -C error all
make[4]: Entering directory '/home/zpconn/code/aerostore/target/contention-tuned-validation/native-postgres/source/postgresql-16.13/src/backend/utils/error'
make[4]: Nothing to be done for 'all'.
make[4]: Leaving directory '/home/zpconn/code/aerostore/target/contention-tuned-validation/native-postgres/source/postgresql-16.13/src/backend/utils/error'
make -C fmgr all
make[4]: Entering directory '/home/zpconn/code/aerostore/target/contention-tuned-validation/native-postgres/source/postgresql-16.13/src/backend/utils/fmgr'
make[4]: Nothing to be done for 'all'.
make[4]: Leaving directory '/home/zpconn/code/aerostore/target/contention-tuned-validation/native-postgres/source/postgresql-16.13/src/backend/utils/fmgr'
make -C hash all
make[4]: Entering directory '/home/zpconn/code/aerostore/target/contention-tuned-validation/native-postgres/source/postgresql-16.13/src/backend/utils/hash'
make[4]: Nothing to be done for 'all'.
make[4]: Leaving directory '/home/zpconn/code/aerostore/target/contention-tuned-validation/native-postgres/source/postgresql-16.13/src/backend/utils/hash'
make -C init all
make[4]: Entering directory '/home/zpconn/code/aerostore/target/contention-tuned-validation/native-postgres/source/postgresql-16.13/src/backend/utils/init'
make[4]: Nothing to be done for 'all'.
make[4]: Leaving directory '/home/zpconn/code/aerostore/target/contention-tuned-validation/native-postgres/source/postgresql-16.13/src/backend/utils/init'
make -C mb all
make[4]: Entering directory '/home/zpconn/code/aerostore/target/contention-tuned-validation/native-postgres/source/postgresql-16.13/src/backend/utils/mb'
make[4]: Nothing to be done for 'all'.
make[4]: Leaving directory '/home/zpconn/code/aerostore/target/contention-tuned-validation/native-postgres/source/postgresql-16.13/src/backend/utils/mb'
make -C misc all
make[4]: Entering directory '/home/zpconn/code/aerostore/target/contention-tuned-validation/native-postgres/source/postgresql-16.13/src/backend/utils/misc'
make[4]: Nothing to be done for 'all'.
make[4]: Leaving directory '/home/zpconn/code/aerostore/target/contention-tuned-validation/native-postgres/source/postgresql-16.13/src/backend/utils/misc'
make -C mmgr all
make[4]: Entering directory '/home/zpconn/code/aerostore/target/contention-tuned-validation/native-postgres/source/postgresql-16.13/src/backend/utils/mmgr'
make[4]: Nothing to be done for 'all'.
make[4]: Leaving directory '/home/zpconn/code/aerostore/target/contention-tuned-validation/native-postgres/source/postgresql-16.13/src/backend/utils/mmgr'
make -C resowner all
make[4]: Entering directory '/home/zpconn/code/aerostore/target/contention-tuned-validation/native-postgres/source/postgresql-16.13/src/backend/utils/resowner'
make[4]: Nothing to be done for 'all'.
make[4]: Leaving directory '/home/zpconn/code/aerostore/target/contention-tuned-validation/native-postgres/source/postgresql-16.13/src/backend/utils/resowner'
make -C sort all
make[4]: Entering directory '/home/zpconn/code/aerostore/target/contention-tuned-validation/native-postgres/source/postgresql-16.13/src/backend/utils/sort'
make[4]: Nothing to be done for 'all'.
make[4]: Leaving directory '/home/zpconn/code/aerostore/target/contention-tuned-validation/native-postgres/source/postgresql-16.13/src/backend/utils/sort'
make -C time all
make[4]: Entering directory '/home/zpconn/code/aerostore/target/contention-tuned-validation/native-postgres/source/postgresql-16.13/src/backend/utils/time'
make[4]: Nothing to be done for 'all'.
make[4]: Leaving directory '/home/zpconn/code/aerostore/target/contention-tuned-validation/native-postgres/source/postgresql-16.13/src/backend/utils/time'
make -C adt jsonpath_gram.h
make[4]: Entering directory '/home/zpconn/code/aerostore/target/contention-tuned-validation/native-postgres/source/postgresql-16.13/src/backend/utils/adt'
make[4]: 'jsonpath_gram.h' is up to date.
make[4]: Leaving directory '/home/zpconn/code/aerostore/target/contention-tuned-validation/native-postgres/source/postgresql-16.13/src/backend/utils/adt'
make[3]: Leaving directory '/home/zpconn/code/aerostore/target/contention-tuned-validation/native-postgres/source/postgresql-16.13/src/backend/utils'
make -C ../../src/timezone all
make[3]: Entering directory '/home/zpconn/code/aerostore/target/contention-tuned-validation/native-postgres/source/postgresql-16.13/src/timezone'
make -C ../../src/port all
make[4]: Entering directory '/home/zpconn/code/aerostore/target/contention-tuned-validation/native-postgres/source/postgresql-16.13/src/port'
make[4]: Nothing to be done for 'all'.
make[4]: Leaving directory '/home/zpconn/code/aerostore/target/contention-tuned-validation/native-postgres/source/postgresql-16.13/src/port'
make -C ../../src/common all
make[4]: Entering directory '/home/zpconn/code/aerostore/target/contention-tuned-validation/native-postgres/source/postgresql-16.13/src/common'
make[4]: Nothing to be done for 'all'.
make[4]: Leaving directory '/home/zpconn/code/aerostore/target/contention-tuned-validation/native-postgres/source/postgresql-16.13/src/common'
make[3]: Leaving directory '/home/zpconn/code/aerostore/target/contention-tuned-validation/native-postgres/source/postgresql-16.13/src/timezone'
make -C jit all
make[3]: Entering directory '/home/zpconn/code/aerostore/target/contention-tuned-validation/native-postgres/source/postgresql-16.13/src/backend/jit'
make[3]: Nothing to be done for 'all'.
make[3]: Leaving directory '/home/zpconn/code/aerostore/target/contention-tuned-validation/native-postgres/source/postgresql-16.13/src/backend/jit'
/usr/bin/mkdir -p '/home/zpconn/code/aerostore/target/contention-tuned-validation/native-postgres/install/bin' '/home/zpconn/code/aerostore/target/contention-tuned-validation/native-postgres/install/share'
/usr/bin/install -c  postgres '/home/zpconn/code/aerostore/target/contention-tuned-validation/native-postgres/install/bin/postgres'
make -C access install
make[3]: Entering directory '/home/zpconn/code/aerostore/target/contention-tuned-validation/native-postgres/source/postgresql-16.13/src/backend/access'
make -C brin install
make[4]: Entering directory '/home/zpconn/code/aerostore/target/contention-tuned-validation/native-postgres/source/postgresql-16.13/src/backend/access/brin'
make[4]: Nothing to be done for 'install'.
make[4]: Leaving directory '/home/zpconn/code/aerostore/target/contention-tuned-validation/native-postgres/source/postgresql-16.13/src/backend/access/brin'
make -C common install
make[4]: Entering directory '/home/zpconn/code/aerostore/target/contention-tuned-validation/native-postgres/source/postgresql-16.13/src/backend/access/common'
make[4]: Nothing to be done for 'install'.
make[4]: Leaving directory '/home/zpconn/code/aerostore/target/contention-tuned-validation/native-postgres/source/postgresql-16.13/src/backend/access/common'
make -C gin install
make[4]: Entering directory '/home/zpconn/code/aerostore/target/contention-tuned-validation/native-postgres/source/postgresql-16.13/src/backend/access/gin'
make[4]: Nothing to be done for 'install'.
make[4]: Leaving directory '/home/zpconn/code/aerostore/target/contention-tuned-validation/native-postgres/source/postgresql-16.13/src/backend/access/gin'
make -C gist install
make[4]: Entering directory '/home/zpconn/code/aerostore/target/contention-tuned-validation/native-postgres/source/postgresql-16.13/src/backend/access/gist'
make[4]: Nothing to be done for 'install'.
make[4]: Leaving directory '/home/zpconn/code/aerostore/target/contention-tuned-validation/native-postgres/source/postgresql-16.13/src/backend/access/gist'
make -C hash install
make[4]: Entering directory '/home/zpconn/code/aerostore/target/contention-tuned-validation/native-postgres/source/postgresql-16.13/src/backend/access/hash'
make[4]: Nothing to be done for 'install'.
make[4]: Leaving directory '/home/zpconn/code/aerostore/target/contention-tuned-validation/native-postgres/source/postgresql-16.13/src/backend/access/hash'
make -C heap install
make[4]: Entering directory '/home/zpconn/code/aerostore/target/contention-tuned-validation/native-postgres/source/postgresql-16.13/src/backend/access/heap'
make[4]: Nothing to be done for 'install'.
make[4]: Leaving directory '/home/zpconn/code/aerostore/target/contention-tuned-validation/native-postgres/source/postgresql-16.13/src/backend/access/heap'
make -C index install
make[4]: Entering directory '/home/zpconn/code/aerostore/target/contention-tuned-validation/native-postgres/source/postgresql-16.13/src/backend/access/index'
make[4]: Nothing to be done for 'install'.
make[4]: Leaving directory '/home/zpconn/code/aerostore/target/contention-tuned-validation/native-postgres/source/postgresql-16.13/src/backend/access/index'
make -C nbtree install
make[4]: Entering directory '/home/zpconn/code/aerostore/target/contention-tuned-validation/native-postgres/source/postgresql-16.13/src/backend/access/nbtree'
make[4]: Nothing to be done for 'install'.
make[4]: Leaving directory '/home/zpconn/code/aerostore/target/contention-tuned-validation/native-postgres/source/postgresql-16.13/src/backend/access/nbtree'
make -C rmgrdesc install
make[4]: Entering directory '/home/zpconn/code/aerostore/target/contention-tuned-validation/native-postgres/source/postgresql-16.13/src/backend/access/rmgrdesc'
make[4]: Nothing to be done for 'install'.
make[4]: Leaving directory '/home/zpconn/code/aerostore/target/contention-tuned-validation/native-postgres/source/postgresql-16.13/src/backend/access/rmgrdesc'
make -C spgist install
make[4]: Entering directory '/home/zpconn/code/aerostore/target/contention-tuned-validation/native-postgres/source/postgresql-16.13/src/backend/access/spgist'
make[4]: Nothing to be done for 'install'.
make[4]: Leaving directory '/home/zpconn/code/aerostore/target/contention-tuned-validation/native-postgres/source/postgresql-16.13/src/backend/access/spgist'
make -C table install
make[4]: Entering directory '/home/zpconn/code/aerostore/target/contention-tuned-validation/native-postgres/source/postgresql-16.13/src/backend/access/table'
make[4]: Nothing to be done for 'install'.
make[4]: Leaving directory '/home/zpconn/code/aerostore/target/contention-tuned-validation/native-postgres/source/postgresql-16.13/src/backend/access/table'
make -C tablesample install
make[4]: Entering directory '/home/zpconn/code/aerostore/target/contention-tuned-validation/native-postgres/source/postgresql-16.13/src/backend/access/tablesample'
make[4]: Nothing to be done for 'install'.
make[4]: Leaving directory '/home/zpconn/code/aerostore/target/contention-tuned-validation/native-postgres/source/postgresql-16.13/src/backend/access/tablesample'
make -C transam install
make[4]: Entering directory '/home/zpconn/code/aerostore/target/contention-tuned-validation/native-postgres/source/postgresql-16.13/src/backend/access/transam'
make[4]: Nothing to be done for 'install'.
make[4]: Leaving directory '/home/zpconn/code/aerostore/target/contention-tuned-validation/native-postgres/source/postgresql-16.13/src/backend/access/transam'
make[3]: Leaving directory '/home/zpconn/code/aerostore/target/contention-tuned-validation/native-postgres/source/postgresql-16.13/src/backend/access'
make -C archive install
make[3]: Entering directory '/home/zpconn/code/aerostore/target/contention-tuned-validation/native-postgres/source/postgresql-16.13/src/backend/archive'
make[3]: Nothing to be done for 'install'.
make[3]: Leaving directory '/home/zpconn/code/aerostore/target/contention-tuned-validation/native-postgres/source/postgresql-16.13/src/backend/archive'
make -C backup install
make[3]: Entering directory '/home/zpconn/code/aerostore/target/contention-tuned-validation/native-postgres/source/postgresql-16.13/src/backend/backup'
make[3]: Nothing to be done for 'install'.
make[3]: Leaving directory '/home/zpconn/code/aerostore/target/contention-tuned-validation/native-postgres/source/postgresql-16.13/src/backend/backup'
make -C bootstrap install
make[3]: Entering directory '/home/zpconn/code/aerostore/target/contention-tuned-validation/native-postgres/source/postgresql-16.13/src/backend/bootstrap'
make[3]: Nothing to be done for 'install'.
make[3]: Leaving directory '/home/zpconn/code/aerostore/target/contention-tuned-validation/native-postgres/source/postgresql-16.13/src/backend/bootstrap'
make -C catalog install
make[3]: Entering directory '/home/zpconn/code/aerostore/target/contention-tuned-validation/native-postgres/source/postgresql-16.13/src/backend/catalog'
make[3]: Nothing to be done for 'install'.
make[3]: Leaving directory '/home/zpconn/code/aerostore/target/contention-tuned-validation/native-postgres/source/postgresql-16.13/src/backend/catalog'
make -C parser install
make[3]: Entering directory '/home/zpconn/code/aerostore/target/contention-tuned-validation/native-postgres/source/postgresql-16.13/src/backend/parser'
make[3]: Nothing to be done for 'install'.
make[3]: Leaving directory '/home/zpconn/code/aerostore/target/contention-tuned-validation/native-postgres/source/postgresql-16.13/src/backend/parser'
make -C commands install
make[3]: Entering directory '/home/zpconn/code/aerostore/target/contention-tuned-validation/native-postgres/source/postgresql-16.13/src/backend/commands'
make[3]: Nothing to be done for 'install'.
make[3]: Leaving directory '/home/zpconn/code/aerostore/target/contention-tuned-validation/native-postgres/source/postgresql-16.13/src/backend/commands'
make -C executor install
make[3]: Entering directory '/home/zpconn/code/aerostore/target/contention-tuned-validation/native-postgres/source/postgresql-16.13/src/backend/executor'
make[3]: Nothing to be done for 'install'.
make[3]: Leaving directory '/home/zpconn/code/aerostore/target/contention-tuned-validation/native-postgres/source/postgresql-16.13/src/backend/executor'
make -C foreign install
make[3]: Entering directory '/home/zpconn/code/aerostore/target/contention-tuned-validation/native-postgres/source/postgresql-16.13/src/backend/foreign'
make[3]: Nothing to be done for 'install'.
make[3]: Leaving directory '/home/zpconn/code/aerostore/target/contention-tuned-validation/native-postgres/source/postgresql-16.13/src/backend/foreign'
make -C lib install
make[3]: Entering directory '/home/zpconn/code/aerostore/target/contention-tuned-validation/native-postgres/source/postgresql-16.13/src/backend/lib'
make[3]: Nothing to be done for 'install'.
make[3]: Leaving directory '/home/zpconn/code/aerostore/target/contention-tuned-validation/native-postgres/source/postgresql-16.13/src/backend/lib'
make -C libpq install
make[3]: Entering directory '/home/zpconn/code/aerostore/target/contention-tuned-validation/native-postgres/source/postgresql-16.13/src/backend/libpq'
make[3]: Nothing to be done for 'install'.
make[3]: Leaving directory '/home/zpconn/code/aerostore/target/contention-tuned-validation/native-postgres/source/postgresql-16.13/src/backend/libpq'
make -C main install
make[3]: Entering directory '/home/zpconn/code/aerostore/target/contention-tuned-validation/native-postgres/source/postgresql-16.13/src/backend/main'
make[3]: Nothing to be done for 'install'.
make[3]: Leaving directory '/home/zpconn/code/aerostore/target/contention-tuned-validation/native-postgres/source/postgresql-16.13/src/backend/main'
make -C nodes install
make[3]: Entering directory '/home/zpconn/code/aerostore/target/contention-tuned-validation/native-postgres/source/postgresql-16.13/src/backend/nodes'
make[3]: Nothing to be done for 'install'.
make[3]: Leaving directory '/home/zpconn/code/aerostore/target/contention-tuned-validation/native-postgres/source/postgresql-16.13/src/backend/nodes'
make -C optimizer install
make[3]: Entering directory '/home/zpconn/code/aerostore/target/contention-tuned-validation/native-postgres/source/postgresql-16.13/src/backend/optimizer'
make -C geqo install
make[4]: Entering directory '/home/zpconn/code/aerostore/target/contention-tuned-validation/native-postgres/source/postgresql-16.13/src/backend/optimizer/geqo'
make[4]: Nothing to be done for 'install'.
make[4]: Leaving directory '/home/zpconn/code/aerostore/target/contention-tuned-validation/native-postgres/source/postgresql-16.13/src/backend/optimizer/geqo'
make -C path install
make[4]: Entering directory '/home/zpconn/code/aerostore/target/contention-tuned-validation/native-postgres/source/postgresql-16.13/src/backend/optimizer/path'
make[4]: Nothing to be done for 'install'.
make[4]: Leaving directory '/home/zpconn/code/aerostore/target/contention-tuned-validation/native-postgres/source/postgresql-16.13/src/backend/optimizer/path'
make -C plan install
make[4]: Entering directory '/home/zpconn/code/aerostore/target/contention-tuned-validation/native-postgres/source/postgresql-16.13/src/backend/optimizer/plan'
make[4]: Nothing to be done for 'install'.
make[4]: Leaving directory '/home/zpconn/code/aerostore/target/contention-tuned-validation/native-postgres/source/postgresql-16.13/src/backend/optimizer/plan'
make -C prep install
make[4]: Entering directory '/home/zpconn/code/aerostore/target/contention-tuned-validation/native-postgres/source/postgresql-16.13/src/backend/optimizer/prep'
make[4]: Nothing to be done for 'install'.
make[4]: Leaving directory '/home/zpconn/code/aerostore/target/contention-tuned-validation/native-postgres/source/postgresql-16.13/src/backend/optimizer/prep'
make -C util install
make[4]: Entering directory '/home/zpconn/code/aerostore/target/contention-tuned-validation/native-postgres/source/postgresql-16.13/src/backend/optimizer/util'
make[4]: Nothing to be done for 'install'.
make[4]: Leaving directory '/home/zpconn/code/aerostore/target/contention-tuned-validation/native-postgres/source/postgresql-16.13/src/backend/optimizer/util'
make[3]: Leaving directory '/home/zpconn/code/aerostore/target/contention-tuned-validation/native-postgres/source/postgresql-16.13/src/backend/optimizer'
make -C partitioning install
make[3]: Entering directory '/home/zpconn/code/aerostore/target/contention-tuned-validation/native-postgres/source/postgresql-16.13/src/backend/partitioning'
make[3]: Nothing to be done for 'install'.
make[3]: Leaving directory '/home/zpconn/code/aerostore/target/contention-tuned-validation/native-postgres/source/postgresql-16.13/src/backend/partitioning'
make -C port install
make[3]: Entering directory '/home/zpconn/code/aerostore/target/contention-tuned-validation/native-postgres/source/postgresql-16.13/src/backend/port'
make[3]: Nothing to be done for 'install'.
make[3]: Leaving directory '/home/zpconn/code/aerostore/target/contention-tuned-validation/native-postgres/source/postgresql-16.13/src/backend/port'
make -C postmaster install
make[3]: Entering directory '/home/zpconn/code/aerostore/target/contention-tuned-validation/native-postgres/source/postgresql-16.13/src/backend/postmaster'
make[3]: Nothing to be done for 'install'.
make[3]: Leaving directory '/home/zpconn/code/aerostore/target/contention-tuned-validation/native-postgres/source/postgresql-16.13/src/backend/postmaster'
make -C regex install
make[3]: Entering directory '/home/zpconn/code/aerostore/target/contention-tuned-validation/native-postgres/source/postgresql-16.13/src/backend/regex'
make[3]: Nothing to be done for 'install'.
make[3]: Leaving directory '/home/zpconn/code/aerostore/target/contention-tuned-validation/native-postgres/source/postgresql-16.13/src/backend/regex'
make -C replication install
make[3]: Entering directory '/home/zpconn/code/aerostore/target/contention-tuned-validation/native-postgres/source/postgresql-16.13/src/backend/replication'
make -C logical install
make[4]: Entering directory '/home/zpconn/code/aerostore/target/contention-tuned-validation/native-postgres/source/postgresql-16.13/src/backend/replication/logical'
make[4]: Nothing to be done for 'install'.
make[4]: Leaving directory '/home/zpconn/code/aerostore/target/contention-tuned-validation/native-postgres/source/postgresql-16.13/src/backend/replication/logical'
make[3]: Leaving directory '/home/zpconn/code/aerostore/target/contention-tuned-validation/native-postgres/source/postgresql-16.13/src/backend/replication'
make -C rewrite install
make[3]: Entering directory '/home/zpconn/code/aerostore/target/contention-tuned-validation/native-postgres/source/postgresql-16.13/src/backend/rewrite'
make[3]: Nothing to be done for 'install'.
make[3]: Leaving directory '/home/zpconn/code/aerostore/target/contention-tuned-validation/native-postgres/source/postgresql-16.13/src/backend/rewrite'
make -C statistics install
make[3]: Entering directory '/home/zpconn/code/aerostore/target/contention-tuned-validation/native-postgres/source/postgresql-16.13/src/backend/statistics'
make[3]: Nothing to be done for 'install'.
make[3]: Leaving directory '/home/zpconn/code/aerostore/target/contention-tuned-validation/native-postgres/source/postgresql-16.13/src/backend/statistics'
make -C storage install
make[3]: Entering directory '/home/zpconn/code/aerostore/target/contention-tuned-validation/native-postgres/source/postgresql-16.13/src/backend/storage'
make -C buffer install
make[4]: Entering directory '/home/zpconn/code/aerostore/target/contention-tuned-validation/native-postgres/source/postgresql-16.13/src/backend/storage/buffer'
make[4]: Nothing to be done for 'install'.
make[4]: Leaving directory '/home/zpconn/code/aerostore/target/contention-tuned-validation/native-postgres/source/postgresql-16.13/src/backend/storage/buffer'
make -C file install
make[4]: Entering directory '/home/zpconn/code/aerostore/target/contention-tuned-validation/native-postgres/source/postgresql-16.13/src/backend/storage/file'
make[4]: Nothing to be done for 'install'.
make[4]: Leaving directory '/home/zpconn/code/aerostore/target/contention-tuned-validation/native-postgres/source/postgresql-16.13/src/backend/storage/file'
make -C freespace install
make[4]: Entering directory '/home/zpconn/code/aerostore/target/contention-tuned-validation/native-postgres/source/postgresql-16.13/src/backend/storage/freespace'
make[4]: Nothing to be done for 'install'.
make[4]: Leaving directory '/home/zpconn/code/aerostore/target/contention-tuned-validation/native-postgres/source/postgresql-16.13/src/backend/storage/freespace'
make -C ipc install
make[4]: Entering directory '/home/zpconn/code/aerostore/target/contention-tuned-validation/native-postgres/source/postgresql-16.13/src/backend/storage/ipc'
make[4]: Nothing to be done for 'install'.
make[4]: Leaving directory '/home/zpconn/code/aerostore/target/contention-tuned-validation/native-postgres/source/postgresql-16.13/src/backend/storage/ipc'
make -C large_object install
make[4]: Entering directory '/home/zpconn/code/aerostore/target/contention-tuned-validation/native-postgres/source/postgresql-16.13/src/backend/storage/large_object'
make[4]: Nothing to be done for 'install'.
make[4]: Leaving directory '/home/zpconn/code/aerostore/target/contention-tuned-validation/native-postgres/source/postgresql-16.13/src/backend/storage/large_object'
make -C lmgr install
make[4]: Entering directory '/home/zpconn/code/aerostore/target/contention-tuned-validation/native-postgres/source/postgresql-16.13/src/backend/storage/lmgr'
make[4]: Nothing to be done for 'install'.
make[4]: Leaving directory '/home/zpconn/code/aerostore/target/contention-tuned-validation/native-postgres/source/postgresql-16.13/src/backend/storage/lmgr'
make -C page install
make[4]: Entering directory '/home/zpconn/code/aerostore/target/contention-tuned-validation/native-postgres/source/postgresql-16.13/src/backend/storage/page'
make[4]: Nothing to be done for 'install'.
make[4]: Leaving directory '/home/zpconn/code/aerostore/target/contention-tuned-validation/native-postgres/source/postgresql-16.13/src/backend/storage/page'
make -C smgr install
make[4]: Entering directory '/home/zpconn/code/aerostore/target/contention-tuned-validation/native-postgres/source/postgresql-16.13/src/backend/storage/smgr'
make[4]: Nothing to be done for 'install'.
make[4]: Leaving directory '/home/zpconn/code/aerostore/target/contention-tuned-validation/native-postgres/source/postgresql-16.13/src/backend/storage/smgr'
make -C sync install
make[4]: Entering directory '/home/zpconn/code/aerostore/target/contention-tuned-validation/native-postgres/source/postgresql-16.13/src/backend/storage/sync'
make[4]: Nothing to be done for 'install'.
make[4]: Leaving directory '/home/zpconn/code/aerostore/target/contention-tuned-validation/native-postgres/source/postgresql-16.13/src/backend/storage/sync'
make[3]: Leaving directory '/home/zpconn/code/aerostore/target/contention-tuned-validation/native-postgres/source/postgresql-16.13/src/backend/storage'
make -C tcop install
make[3]: Entering directory '/home/zpconn/code/aerostore/target/contention-tuned-validation/native-postgres/source/postgresql-16.13/src/backend/tcop'
make[3]: Nothing to be done for 'install'.
make[3]: Leaving directory '/home/zpconn/code/aerostore/target/contention-tuned-validation/native-postgres/source/postgresql-16.13/src/backend/tcop'
make -C tsearch install
make[3]: Entering directory '/home/zpconn/code/aerostore/target/contention-tuned-validation/native-postgres/source/postgresql-16.13/src/backend/tsearch'
make[3]: Nothing to be done for 'install'.
make[3]: Leaving directory '/home/zpconn/code/aerostore/target/contention-tuned-validation/native-postgres/source/postgresql-16.13/src/backend/tsearch'
make -C utils install
make[3]: Entering directory '/home/zpconn/code/aerostore/target/contention-tuned-validation/native-postgres/source/postgresql-16.13/src/backend/utils'
make -C activity install
make[4]: Entering directory '/home/zpconn/code/aerostore/target/contention-tuned-validation/native-postgres/source/postgresql-16.13/src/backend/utils/activity'
make[4]: Nothing to be done for 'install'.
make[4]: Leaving directory '/home/zpconn/code/aerostore/target/contention-tuned-validation/native-postgres/source/postgresql-16.13/src/backend/utils/activity'
make -C adt install
make[4]: Entering directory '/home/zpconn/code/aerostore/target/contention-tuned-validation/native-postgres/source/postgresql-16.13/src/backend/utils/adt'
make[4]: Nothing to be done for 'install'.
make[4]: Leaving directory '/home/zpconn/code/aerostore/target/contention-tuned-validation/native-postgres/source/postgresql-16.13/src/backend/utils/adt'
make -C cache install
make[4]: Entering directory '/home/zpconn/code/aerostore/target/contention-tuned-validation/native-postgres/source/postgresql-16.13/src/backend/utils/cache'
make[4]: Nothing to be done for 'install'.
make[4]: Leaving directory '/home/zpconn/code/aerostore/target/contention-tuned-validation/native-postgres/source/postgresql-16.13/src/backend/utils/cache'
make -C error install
make[4]: Entering directory '/home/zpconn/code/aerostore/target/contention-tuned-validation/native-postgres/source/postgresql-16.13/src/backend/utils/error'
make[4]: Nothing to be done for 'install'.
make[4]: Leaving directory '/home/zpconn/code/aerostore/target/contention-tuned-validation/native-postgres/source/postgresql-16.13/src/backend/utils/error'
make -C fmgr install
make[4]: Entering directory '/home/zpconn/code/aerostore/target/contention-tuned-validation/native-postgres/source/postgresql-16.13/src/backend/utils/fmgr'
make[4]: Nothing to be done for 'install'.
make[4]: Leaving directory '/home/zpconn/code/aerostore/target/contention-tuned-validation/native-postgres/source/postgresql-16.13/src/backend/utils/fmgr'
make -C hash install
make[4]: Entering directory '/home/zpconn/code/aerostore/target/contention-tuned-validation/native-postgres/source/postgresql-16.13/src/backend/utils/hash'
make[4]: Nothing to be done for 'install'.
make[4]: Leaving directory '/home/zpconn/code/aerostore/target/contention-tuned-validation/native-postgres/source/postgresql-16.13/src/backend/utils/hash'
make -C init install
make[4]: Entering directory '/home/zpconn/code/aerostore/target/contention-tuned-validation/native-postgres/source/postgresql-16.13/src/backend/utils/init'
make[4]: Nothing to be done for 'install'.
make[4]: Leaving directory '/home/zpconn/code/aerostore/target/contention-tuned-validation/native-postgres/source/postgresql-16.13/src/backend/utils/init'
make -C mb install
make[4]: Entering directory '/home/zpconn/code/aerostore/target/contention-tuned-validation/native-postgres/source/postgresql-16.13/src/backend/utils/mb'
make[4]: Nothing to be done for 'install'.
make[4]: Leaving directory '/home/zpconn/code/aerostore/target/contention-tuned-validation/native-postgres/source/postgresql-16.13/src/backend/utils/mb'
make -C misc install
make[4]: Entering directory '/home/zpconn/code/aerostore/target/contention-tuned-validation/native-postgres/source/postgresql-16.13/src/backend/utils/misc'
make[4]: Nothing to be done for 'install'.
make[4]: Leaving directory '/home/zpconn/code/aerostore/target/contention-tuned-validation/native-postgres/source/postgresql-16.13/src/backend/utils/misc'
make -C mmgr install
make[4]: Entering directory '/home/zpconn/code/aerostore/target/contention-tuned-validation/native-postgres/source/postgresql-16.13/src/backend/utils/mmgr'
make[4]: Nothing to be done for 'install'.
make[4]: Leaving directory '/home/zpconn/code/aerostore/target/contention-tuned-validation/native-postgres/source/postgresql-16.13/src/backend/utils/mmgr'
make -C resowner install
make[4]: Entering directory '/home/zpconn/code/aerostore/target/contention-tuned-validation/native-postgres/source/postgresql-16.13/src/backend/utils/resowner'
make[4]: Nothing to be done for 'install'.
make[4]: Leaving directory '/home/zpconn/code/aerostore/target/contention-tuned-validation/native-postgres/source/postgresql-16.13/src/backend/utils/resowner'
make -C sort install
make[4]: Entering directory '/home/zpconn/code/aerostore/target/contention-tuned-validation/native-postgres/source/postgresql-16.13/src/backend/utils/sort'
make[4]: Nothing to be done for 'install'.
make[4]: Leaving directory '/home/zpconn/code/aerostore/target/contention-tuned-validation/native-postgres/source/postgresql-16.13/src/backend/utils/sort'
make -C time install
make[4]: Entering directory '/home/zpconn/code/aerostore/target/contention-tuned-validation/native-postgres/source/postgresql-16.13/src/backend/utils/time'
make[4]: Nothing to be done for 'install'.
make[4]: Leaving directory '/home/zpconn/code/aerostore/target/contention-tuned-validation/native-postgres/source/postgresql-16.13/src/backend/utils/time'
make[3]: Leaving directory '/home/zpconn/code/aerostore/target/contention-tuned-validation/native-postgres/source/postgresql-16.13/src/backend/utils'
make -C ../../src/timezone install
make[3]: Entering directory '/home/zpconn/code/aerostore/target/contention-tuned-validation/native-postgres/source/postgresql-16.13/src/timezone'
make -C ../../src/port all
make[4]: Entering directory '/home/zpconn/code/aerostore/target/contention-tuned-validation/native-postgres/source/postgresql-16.13/src/port'
make[4]: Nothing to be done for 'all'.
make[4]: Leaving directory '/home/zpconn/code/aerostore/target/contention-tuned-validation/native-postgres/source/postgresql-16.13/src/port'
make -C ../../src/common all
make[4]: Entering directory '/home/zpconn/code/aerostore/target/contention-tuned-validation/native-postgres/source/postgresql-16.13/src/common'
make[4]: Nothing to be done for 'all'.
make[4]: Leaving directory '/home/zpconn/code/aerostore/target/contention-tuned-validation/native-postgres/source/postgresql-16.13/src/common'
/usr/bin/mkdir -p '/home/zpconn/code/aerostore/target/contention-tuned-validation/native-postgres/install/share'
./zic -d '/home/zpconn/code/aerostore/target/contention-tuned-validation/native-postgres/install/share/timezone'  ./data/tzdata.zi
make -C tznames install
make[4]: Entering directory '/home/zpconn/code/aerostore/target/contention-tuned-validation/native-postgres/source/postgresql-16.13/src/timezone/tznames'
/usr/bin/mkdir -p '/home/zpconn/code/aerostore/target/contention-tuned-validation/native-postgres/install/share/timezonesets'
/usr/bin/install -c -m 644 ./Africa.txt ./America.txt ./Antarctica.txt ./Asia.txt ./Atlantic.txt ./Australia.txt ./Etc.txt ./Europe.txt ./Indian.txt ./Pacific.txt '/home/zpconn/code/aerostore/target/contention-tuned-validation/native-postgres/install/share/timezonesets'
/usr/bin/install -c -m 644 ./Default ./Australia ./India '/home/zpconn/code/aerostore/target/contention-tuned-validation/native-postgres/install/share/timezonesets'
make[4]: Leaving directory '/home/zpconn/code/aerostore/target/contention-tuned-validation/native-postgres/source/postgresql-16.13/src/timezone/tznames'
make[3]: Leaving directory '/home/zpconn/code/aerostore/target/contention-tuned-validation/native-postgres/source/postgresql-16.13/src/timezone'
make -C jit install
make[3]: Entering directory '/home/zpconn/code/aerostore/target/contention-tuned-validation/native-postgres/source/postgresql-16.13/src/backend/jit'
make[3]: Nothing to be done for 'install'.
make[3]: Leaving directory '/home/zpconn/code/aerostore/target/contention-tuned-validation/native-postgres/source/postgresql-16.13/src/backend/jit'
make -C catalog install-data
make[3]: Entering directory '/home/zpconn/code/aerostore/target/contention-tuned-validation/native-postgres/source/postgresql-16.13/src/backend/catalog'
/usr/bin/mkdir -p '/home/zpconn/code/aerostore/target/contention-tuned-validation/native-postgres/install/share'
/usr/bin/install -c -m 644 `for f in ./postgres.bki; do test -r $f && echo $f && break; done` '/home/zpconn/code/aerostore/target/contention-tuned-validation/native-postgres/install/share/postgres.bki'
/usr/bin/install -c -m 644 `for f in ./system_constraints.sql; do test -r $f && echo $f && break; done` '/home/zpconn/code/aerostore/target/contention-tuned-validation/native-postgres/install/share/system_constraints.sql'
/usr/bin/install -c -m 644 ./system_functions.sql '/home/zpconn/code/aerostore/target/contention-tuned-validation/native-postgres/install/share/system_functions.sql'
/usr/bin/install -c -m 644 ./system_views.sql '/home/zpconn/code/aerostore/target/contention-tuned-validation/native-postgres/install/share/system_views.sql'
/usr/bin/install -c -m 644 ./information_schema.sql '/home/zpconn/code/aerostore/target/contention-tuned-validation/native-postgres/install/share/information_schema.sql'
/usr/bin/install -c -m 644 ./sql_features.txt '/home/zpconn/code/aerostore/target/contention-tuned-validation/native-postgres/install/share/sql_features.txt'
/usr/bin/install -c -m 644 ./fix-CVE-2024-4317.sql '/home/zpconn/code/aerostore/target/contention-tuned-validation/native-postgres/install/share/fix-CVE-2024-4317.sql'
make[3]: Leaving directory '/home/zpconn/code/aerostore/target/contention-tuned-validation/native-postgres/source/postgresql-16.13/src/backend/catalog'
make -C tsearch install-data
make[3]: Entering directory '/home/zpconn/code/aerostore/target/contention-tuned-validation/native-postgres/source/postgresql-16.13/src/backend/tsearch'
/usr/bin/mkdir -p '/home/zpconn/code/aerostore/target/contention-tuned-validation/native-postgres/install/share' '/home/zpconn/code/aerostore/target/contention-tuned-validation/native-postgres/install/share/tsearch_data'
/usr/bin/install -c -m 644 ./dicts/synonym_sample.syn ./dicts/thesaurus_sample.ths ./dicts/hunspell_sample.affix ./dicts/ispell_sample.affix ./dicts/ispell_sample.dict ./dicts/hunspell_sample_long.affix ./dicts/hunspell_sample_long.dict ./dicts/hunspell_sample_num.affix ./dicts/hunspell_sample_num.dict '/home/zpconn/code/aerostore/target/contention-tuned-validation/native-postgres/install/share/tsearch_data/'
make[3]: Leaving directory '/home/zpconn/code/aerostore/target/contention-tuned-validation/native-postgres/source/postgresql-16.13/src/backend/tsearch'
make -C utils install-data
make[3]: Entering directory '/home/zpconn/code/aerostore/target/contention-tuned-validation/native-postgres/source/postgresql-16.13/src/backend/utils'
/usr/bin/mkdir -p '/home/zpconn/code/aerostore/target/contention-tuned-validation/native-postgres/install/share'
/usr/bin/install -c -m 644 ./errcodes.txt '/home/zpconn/code/aerostore/target/contention-tuned-validation/native-postgres/install/share/errcodes.txt'
make[3]: Leaving directory '/home/zpconn/code/aerostore/target/contention-tuned-validation/native-postgres/source/postgresql-16.13/src/backend/utils'
/usr/bin/install -c -m 644 ./libpq/pg_hba.conf.sample '/home/zpconn/code/aerostore/target/contention-tuned-validation/native-postgres/install/share/pg_hba.conf.sample'
/usr/bin/install -c -m 644 ./libpq/pg_ident.conf.sample '/home/zpconn/code/aerostore/target/contention-tuned-validation/native-postgres/install/share/pg_ident.conf.sample'
/usr/bin/install -c -m 644 ./utils/misc/postgresql.conf.sample '/home/zpconn/code/aerostore/target/contention-tuned-validation/native-postgres/install/share/postgresql.conf.sample'
make[2]: Leaving directory '/home/zpconn/code/aerostore/target/contention-tuned-validation/native-postgres/source/postgresql-16.13/src/backend'
make -C backend/utils/mb/conversion_procs install
make[2]: Entering directory '/home/zpconn/code/aerostore/target/contention-tuned-validation/native-postgres/source/postgresql-16.13/src/backend/utils/mb/conversion_procs'
make -C cyrillic_and_mic install
make[3]: Entering directory '/home/zpconn/code/aerostore/target/contention-tuned-validation/native-postgres/source/postgresql-16.13/src/backend/utils/mb/conversion_procs/cyrillic_and_mic'
/usr/bin/mkdir -p '/home/zpconn/code/aerostore/target/contention-tuned-validation/native-postgres/install/lib'
/usr/bin/install -c -m 755  cyrillic_and_mic.so '/home/zpconn/code/aerostore/target/contention-tuned-validation/native-postgres/install/lib/cyrillic_and_mic.so'
make[3]: Leaving directory '/home/zpconn/code/aerostore/target/contention-tuned-validation/native-postgres/source/postgresql-16.13/src/backend/utils/mb/conversion_procs/cyrillic_and_mic'
make -C euc_cn_and_mic install
make[3]: Entering directory '/home/zpconn/code/aerostore/target/contention-tuned-validation/native-postgres/source/postgresql-16.13/src/backend/utils/mb/conversion_procs/euc_cn_and_mic'
/usr/bin/mkdir -p '/home/zpconn/code/aerostore/target/contention-tuned-validation/native-postgres/install/lib'
/usr/bin/install -c -m 755  euc_cn_and_mic.so '/home/zpconn/code/aerostore/target/contention-tuned-validation/native-postgres/install/lib/euc_cn_and_mic.so'
make[3]: Leaving directory '/home/zpconn/code/aerostore/target/contention-tuned-validation/native-postgres/source/postgresql-16.13/src/backend/utils/mb/conversion_procs/euc_cn_and_mic'
make -C euc_jp_and_sjis install
make[3]: Entering directory '/home/zpconn/code/aerostore/target/contention-tuned-validation/native-postgres/source/postgresql-16.13/src/backend/utils/mb/conversion_procs/euc_jp_and_sjis'
/usr/bin/mkdir -p '/home/zpconn/code/aerostore/target/contention-tuned-validation/native-postgres/install/lib'
/usr/bin/install -c -m 755  euc_jp_and_sjis.so '/home/zpconn/code/aerostore/target/contention-tuned-validation/native-postgres/install/lib/euc_jp_and_sjis.so'
make[3]: Leaving directory '/home/zpconn/code/aerostore/target/contention-tuned-validation/native-postgres/source/postgresql-16.13/src/backend/utils/mb/conversion_procs/euc_jp_and_sjis'
make -C euc_kr_and_mic install
make[3]: Entering directory '/home/zpconn/code/aerostore/target/contention-tuned-validation/native-postgres/source/postgresql-16.13/src/backend/utils/mb/conversion_procs/euc_kr_and_mic'
/usr/bin/mkdir -p '/home/zpconn/code/aerostore/target/contention-tuned-validation/native-postgres/install/lib'
/usr/bin/install -c -m 755  euc_kr_and_mic.so '/home/zpconn/code/aerostore/target/contention-tuned-validation/native-postgres/install/lib/euc_kr_and_mic.so'
make[3]: Leaving directory '/home/zpconn/code/aerostore/target/contention-tuned-validation/native-postgres/source/postgresql-16.13/src/backend/utils/mb/conversion_procs/euc_kr_and_mic'
make -C euc_tw_and_big5 install
make[3]: Entering directory '/home/zpconn/code/aerostore/target/contention-tuned-validation/native-postgres/source/postgresql-16.13/src/backend/utils/mb/conversion_procs/euc_tw_and_big5'
/usr/bin/mkdir -p '/home/zpconn/code/aerostore/target/contention-tuned-validation/native-postgres/install/lib'
/usr/bin/install -c -m 755  euc_tw_and_big5.so '/home/zpconn/code/aerostore/target/contention-tuned-validation/native-postgres/install/lib/euc_tw_and_big5.so'
make[3]: Leaving directory '/home/zpconn/code/aerostore/target/contention-tuned-validation/native-postgres/source/postgresql-16.13/src/backend/utils/mb/conversion_procs/euc_tw_and_big5'
make -C latin2_and_win1250 install
make[3]: Entering directory '/home/zpconn/code/aerostore/target/contention-tuned-validation/native-postgres/source/postgresql-16.13/src/backend/utils/mb/conversion_procs/latin2_and_win1250'
/usr/bin/mkdir -p '/home/zpconn/code/aerostore/target/contention-tuned-validation/native-postgres/install/lib'
/usr/bin/install -c -m 755  latin2_and_win1250.so '/home/zpconn/code/aerostore/target/contention-tuned-validation/native-postgres/install/lib/latin2_and_win1250.so'
make[3]: Leaving directory '/home/zpconn/code/aerostore/target/contention-tuned-validation/native-postgres/source/postgresql-16.13/src/backend/utils/mb/conversion_procs/latin2_and_win1250'
make -C latin_and_mic install
make[3]: Entering directory '/home/zpconn/code/aerostore/target/contention-tuned-validation/native-postgres/source/postgresql-16.13/src/backend/utils/mb/conversion_procs/latin_and_mic'
/usr/bin/mkdir -p '/home/zpconn/code/aerostore/target/contention-tuned-validation/native-postgres/install/lib'
/usr/bin/install -c -m 755  latin_and_mic.so '/home/zpconn/code/aerostore/target/contention-tuned-validation/native-postgres/install/lib/latin_and_mic.so'
make[3]: Leaving directory '/home/zpconn/code/aerostore/target/contention-tuned-validation/native-postgres/source/postgresql-16.13/src/backend/utils/mb/conversion_procs/latin_and_mic'
make -C utf8_and_big5 install
make[3]: Entering directory '/home/zpconn/code/aerostore/target/contention-tuned-validation/native-postgres/source/postgresql-16.13/src/backend/utils/mb/conversion_procs/utf8_and_big5'
/usr/bin/mkdir -p '/home/zpconn/code/aerostore/target/contention-tuned-validation/native-postgres/install/lib'
/usr/bin/install -c -m 755  utf8_and_big5.so '/home/zpconn/code/aerostore/target/contention-tuned-validation/native-postgres/install/lib/utf8_and_big5.so'
make[3]: Leaving directory '/home/zpconn/code/aerostore/target/contention-tuned-validation/native-postgres/source/postgresql-16.13/src/backend/utils/mb/conversion_procs/utf8_and_big5'
make -C utf8_and_cyrillic install
make[3]: Entering directory '/home/zpconn/code/aerostore/target/contention-tuned-validation/native-postgres/source/postgresql-16.13/src/backend/utils/mb/conversion_procs/utf8_and_cyrillic'
/usr/bin/mkdir -p '/home/zpconn/code/aerostore/target/contention-tuned-validation/native-postgres/install/lib'
/usr/bin/install -c -m 755  utf8_and_cyrillic.so '/home/zpconn/code/aerostore/target/contention-tuned-validation/native-postgres/install/lib/utf8_and_cyrillic.so'
make[3]: Leaving directory '/home/zpconn/code/aerostore/target/contention-tuned-validation/native-postgres/source/postgresql-16.13/src/backend/utils/mb/conversion_procs/utf8_and_cyrillic'
make -C utf8_and_euc_cn install
make[3]: Entering directory '/home/zpconn/code/aerostore/target/contention-tuned-validation/native-postgres/source/postgresql-16.13/src/backend/utils/mb/conversion_procs/utf8_and_euc_cn'
/usr/bin/mkdir -p '/home/zpconn/code/aerostore/target/contention-tuned-validation/native-postgres/install/lib'
/usr/bin/install -c -m 755  utf8_and_euc_cn.so '/home/zpconn/code/aerostore/target/contention-tuned-validation/native-postgres/install/lib/utf8_and_euc_cn.so'
make[3]: Leaving directory '/home/zpconn/code/aerostore/target/contention-tuned-validation/native-postgres/source/postgresql-16.13/src/backend/utils/mb/conversion_procs/utf8_and_euc_cn'
make -C utf8_and_euc_jp install
make[3]: Entering directory '/home/zpconn/code/aerostore/target/contention-tuned-validation/native-postgres/source/postgresql-16.13/src/backend/utils/mb/conversion_procs/utf8_and_euc_jp'
/usr/bin/mkdir -p '/home/zpconn/code/aerostore/target/contention-tuned-validation/native-postgres/install/lib'
/usr/bin/install -c -m 755  utf8_and_euc_jp.so '/home/zpconn/code/aerostore/target/contention-tuned-validation/native-postgres/install/lib/utf8_and_euc_jp.so'
make[3]: Leaving directory '/home/zpconn/code/aerostore/target/contention-tuned-validation/native-postgres/source/postgresql-16.13/src/backend/utils/mb/conversion_procs/utf8_and_euc_jp'
make -C utf8_and_euc_kr install
make[3]: Entering directory '/home/zpconn/code/aerostore/target/contention-tuned-validation/native-postgres/source/postgresql-16.13/src/backend/utils/mb/conversion_procs/utf8_and_euc_kr'
/usr/bin/mkdir -p '/home/zpconn/code/aerostore/target/contention-tuned-validation/native-postgres/install/lib'
/usr/bin/install -c -m 755  utf8_and_euc_kr.so '/home/zpconn/code/aerostore/target/contention-tuned-validation/native-postgres/install/lib/utf8_and_euc_kr.so'
make[3]: Leaving directory '/home/zpconn/code/aerostore/target/contention-tuned-validation/native-postgres/source/postgresql-16.13/src/backend/utils/mb/conversion_procs/utf8_and_euc_kr'
make -C utf8_and_euc_tw install
make[3]: Entering directory '/home/zpconn/code/aerostore/target/contention-tuned-validation/native-postgres/source/postgresql-16.13/src/backend/utils/mb/conversion_procs/utf8_and_euc_tw'
/usr/bin/mkdir -p '/home/zpconn/code/aerostore/target/contention-tuned-validation/native-postgres/install/lib'
/usr/bin/install -c -m 755  utf8_and_euc_tw.so '/home/zpconn/code/aerostore/target/contention-tuned-validation/native-postgres/install/lib/utf8_and_euc_tw.so'
make[3]: Leaving directory '/home/zpconn/code/aerostore/target/contention-tuned-validation/native-postgres/source/postgresql-16.13/src/backend/utils/mb/conversion_procs/utf8_and_euc_tw'
make -C utf8_and_gb18030 install
make[3]: Entering directory '/home/zpconn/code/aerostore/target/contention-tuned-validation/native-postgres/source/postgresql-16.13/src/backend/utils/mb/conversion_procs/utf8_and_gb18030'
/usr/bin/mkdir -p '/home/zpconn/code/aerostore/target/contention-tuned-validation/native-postgres/install/lib'
/usr/bin/install -c -m 755  utf8_and_gb18030.so '/home/zpconn/code/aerostore/target/contention-tuned-validation/native-postgres/install/lib/utf8_and_gb18030.so'
make[3]: Leaving directory '/home/zpconn/code/aerostore/target/contention-tuned-validation/native-postgres/source/postgresql-16.13/src/backend/utils/mb/conversion_procs/utf8_and_gb18030'
make -C utf8_and_gbk install
make[3]: Entering directory '/home/zpconn/code/aerostore/target/contention-tuned-validation/native-postgres/source/postgresql-16.13/src/backend/utils/mb/conversion_procs/utf8_and_gbk'
/usr/bin/mkdir -p '/home/zpconn/code/aerostore/target/contention-tuned-validation/native-postgres/install/lib'
/usr/bin/install -c -m 755  utf8_and_gbk.so '/home/zpconn/code/aerostore/target/contention-tuned-validation/native-postgres/install/lib/utf8_and_gbk.so'
make[3]: Leaving directory '/home/zpconn/code/aerostore/target/contention-tuned-validation/native-postgres/source/postgresql-16.13/src/backend/utils/mb/conversion_procs/utf8_and_gbk'
make -C utf8_and_iso8859 install
make[3]: Entering directory '/home/zpconn/code/aerostore/target/contention-tuned-validation/native-postgres/source/postgresql-16.13/src/backend/utils/mb/conversion_procs/utf8_and_iso8859'
/usr/bin/mkdir -p '/home/zpconn/code/aerostore/target/contention-tuned-validation/native-postgres/install/lib'
/usr/bin/install -c -m 755  utf8_and_iso8859.so '/home/zpconn/code/aerostore/target/contention-tuned-validation/native-postgres/install/lib/utf8_and_iso8859.so'
make[3]: Leaving directory '/home/zpconn/code/aerostore/target/contention-tuned-validation/native-postgres/source/postgresql-16.13/src/backend/utils/mb/conversion_procs/utf8_and_iso8859'
make -C utf8_and_iso8859_1 install
make[3]: Entering directory '/home/zpconn/code/aerostore/target/contention-tuned-validation/native-postgres/source/postgresql-16.13/src/backend/utils/mb/conversion_procs/utf8_and_iso8859_1'
/usr/bin/mkdir -p '/home/zpconn/code/aerostore/target/contention-tuned-validation/native-postgres/install/lib'
/usr/bin/install -c -m 755  utf8_and_iso8859_1.so '/home/zpconn/code/aerostore/target/contention-tuned-validation/native-postgres/install/lib/utf8_and_iso8859_1.so'
make[3]: Leaving directory '/home/zpconn/code/aerostore/target/contention-tuned-validation/native-postgres/source/postgresql-16.13/src/backend/utils/mb/conversion_procs/utf8_and_iso8859_1'
make -C utf8_and_johab install
make[3]: Entering directory '/home/zpconn/code/aerostore/target/contention-tuned-validation/native-postgres/source/postgresql-16.13/src/backend/utils/mb/conversion_procs/utf8_and_johab'
/usr/bin/mkdir -p '/home/zpconn/code/aerostore/target/contention-tuned-validation/native-postgres/install/lib'
/usr/bin/install -c -m 755  utf8_and_johab.so '/home/zpconn/code/aerostore/target/contention-tuned-validation/native-postgres/install/lib/utf8_and_johab.so'
make[3]: Leaving directory '/home/zpconn/code/aerostore/target/contention-tuned-validation/native-postgres/source/postgresql-16.13/src/backend/utils/mb/conversion_procs/utf8_and_johab'
make -C utf8_and_sjis install
make[3]: Entering directory '/home/zpconn/code/aerostore/target/contention-tuned-validation/native-postgres/source/postgresql-16.13/src/backend/utils/mb/conversion_procs/utf8_and_sjis'
/usr/bin/mkdir -p '/home/zpconn/code/aerostore/target/contention-tuned-validation/native-postgres/install/lib'
/usr/bin/install -c -m 755  utf8_and_sjis.so '/home/zpconn/code/aerostore/target/contention-tuned-validation/native-postgres/install/lib/utf8_and_sjis.so'
make[3]: Leaving directory '/home/zpconn/code/aerostore/target/contention-tuned-validation/native-postgres/source/postgresql-16.13/src/backend/utils/mb/conversion_procs/utf8_and_sjis'
make -C utf8_and_win install
make[3]: Entering directory '/home/zpconn/code/aerostore/target/contention-tuned-validation/native-postgres/source/postgresql-16.13/src/backend/utils/mb/conversion_procs/utf8_and_win'
/usr/bin/mkdir -p '/home/zpconn/code/aerostore/target/contention-tuned-validation/native-postgres/install/lib'
/usr/bin/install -c -m 755  utf8_and_win.so '/home/zpconn/code/aerostore/target/contention-tuned-validation/native-postgres/install/lib/utf8_and_win.so'
make[3]: Leaving directory '/home/zpconn/code/aerostore/target/contention-tuned-validation/native-postgres/source/postgresql-16.13/src/backend/utils/mb/conversion_procs/utf8_and_win'
make -C utf8_and_uhc install
make[3]: Entering directory '/home/zpconn/code/aerostore/target/contention-tuned-validation/native-postgres/source/postgresql-16.13/src/backend/utils/mb/conversion_procs/utf8_and_uhc'
/usr/bin/mkdir -p '/home/zpconn/code/aerostore/target/contention-tuned-validation/native-postgres/install/lib'
/usr/bin/install -c -m 755  utf8_and_uhc.so '/home/zpconn/code/aerostore/target/contention-tuned-validation/native-postgres/install/lib/utf8_and_uhc.so'
make[3]: Leaving directory '/home/zpconn/code/aerostore/target/contention-tuned-validation/native-postgres/source/postgresql-16.13/src/backend/utils/mb/conversion_procs/utf8_and_uhc'
make -C utf8_and_euc2004 install
make[3]: Entering directory '/home/zpconn/code/aerostore/target/contention-tuned-validation/native-postgres/source/postgresql-16.13/src/backend/utils/mb/conversion_procs/utf8_and_euc2004'
/usr/bin/mkdir -p '/home/zpconn/code/aerostore/target/contention-tuned-validation/native-postgres/install/lib'
/usr/bin/install -c -m 755  utf8_and_euc2004.so '/home/zpconn/code/aerostore/target/contention-tuned-validation/native-postgres/install/lib/utf8_and_euc2004.so'
make[3]: Leaving directory '/home/zpconn/code/aerostore/target/contention-tuned-validation/native-postgres/source/postgresql-16.13/src/backend/utils/mb/conversion_procs/utf8_and_euc2004'
make -C utf8_and_sjis2004 install
make[3]: Entering directory '/home/zpconn/code/aerostore/target/contention-tuned-validation/native-postgres/source/postgresql-16.13/src/backend/utils/mb/conversion_procs/utf8_and_sjis2004'
/usr/bin/mkdir -p '/home/zpconn/code/aerostore/target/contention-tuned-validation/native-postgres/install/lib'
/usr/bin/install -c -m 755  utf8_and_sjis2004.so '/home/zpconn/code/aerostore/target/contention-tuned-validation/native-postgres/install/lib/utf8_and_sjis2004.so'
make[3]: Leaving directory '/home/zpconn/code/aerostore/target/contention-tuned-validation/native-postgres/source/postgresql-16.13/src/backend/utils/mb/conversion_procs/utf8_and_sjis2004'
make -C euc2004_sjis2004 install
make[3]: Entering directory '/home/zpconn/code/aerostore/target/contention-tuned-validation/native-postgres/source/postgresql-16.13/src/backend/utils/mb/conversion_procs/euc2004_sjis2004'
/usr/bin/mkdir -p '/home/zpconn/code/aerostore/target/contention-tuned-validation/native-postgres/install/lib'
/usr/bin/install -c -m 755  euc2004_sjis2004.so '/home/zpconn/code/aerostore/target/contention-tuned-validation/native-postgres/install/lib/euc2004_sjis2004.so'
make[3]: Leaving directory '/home/zpconn/code/aerostore/target/contention-tuned-validation/native-postgres/source/postgresql-16.13/src/backend/utils/mb/conversion_procs/euc2004_sjis2004'
make[2]: Leaving directory '/home/zpconn/code/aerostore/target/contention-tuned-validation/native-postgres/source/postgresql-16.13/src/backend/utils/mb/conversion_procs'
make -C backend/snowball install
make[2]: Entering directory '/home/zpconn/code/aerostore/target/contention-tuned-validation/native-postgres/source/postgresql-16.13/src/backend/snowball'
/usr/bin/mkdir -p '/home/zpconn/code/aerostore/target/contention-tuned-validation/native-postgres/install/lib'
/usr/bin/mkdir -p '/home/zpconn/code/aerostore/target/contention-tuned-validation/native-postgres/install/share' '/home/zpconn/code/aerostore/target/contention-tuned-validation/native-postgres/install/share/tsearch_data'
/usr/bin/install -c -m 755  dict_snowball.so '/home/zpconn/code/aerostore/target/contention-tuned-validation/native-postgres/install/lib/dict_snowball.so'
/usr/bin/install -c -m 644 snowball_create.sql '/home/zpconn/code/aerostore/target/contention-tuned-validation/native-postgres/install/share'
/usr/bin/install -c -m 644 ./stopwords/danish.stop ./stopwords/dutch.stop ./stopwords/english.stop ./stopwords/finnish.stop ./stopwords/french.stop ./stopwords/german.stop ./stopwords/hungarian.stop ./stopwords/italian.stop ./stopwords/nepali.stop ./stopwords/norwegian.stop ./stopwords/portuguese.stop ./stopwords/russian.stop ./stopwords/spanish.stop ./stopwords/swedish.stop ./stopwords/turkish.stop '/home/zpconn/code/aerostore/target/contention-tuned-validation/native-postgres/install/share/tsearch_data'
make[2]: Leaving directory '/home/zpconn/code/aerostore/target/contention-tuned-validation/native-postgres/source/postgresql-16.13/src/backend/snowball'
make -C include install
make[2]: Entering directory '/home/zpconn/code/aerostore/target/contention-tuned-validation/native-postgres/source/postgresql-16.13/src/include'
/usr/bin/mkdir -p '/home/zpconn/code/aerostore/target/contention-tuned-validation/native-postgres/install/include/libpq' '/home/zpconn/code/aerostore/target/contention-tuned-validation/native-postgres/install/include/internal/libpq'
/usr/bin/mkdir -p '/home/zpconn/code/aerostore/target/contention-tuned-validation/native-postgres/install/include/server'/access '/home/zpconn/code/aerostore/target/contention-tuned-validation/native-postgres/install/include/server'/archive '/home/zpconn/code/aerostore/target/contention-tuned-validation/native-postgres/install/include/server'/bootstrap '/home/zpconn/code/aerostore/target/contention-tuned-validation/native-postgres/install/include/server'/catalog '/home/zpconn/code/aerostore/target/contention-tuned-validation/native-postgres/install/include/server'/commands '/home/zpconn/code/aerostore/target/contention-tuned-validation/native-postgres/install/include/server'/common '/home/zpconn/code/aerostore/target/contention-tuned-validation/native-postgres/install/include/server'/datatype '/home/zpconn/code/aerostore/target/contention-tuned-validation/native-postgres/install/include/server'/executor '/home/zpconn/code/aerostore/target/contention-tuned-validation/native-postgres/install/include/server'/fe_utils '/home/zpconn/code/aerostore/target/contention-tuned-validation/native-postgres/install/include/server'/foreign '/home/zpconn/code/aerostore/target/contention-tuned-validation/native-postgres/install/include/server'/jit '/home/zpconn/code/aerostore/target/contention-tuned-validation/native-postgres/install/include/server'/lib '/home/zpconn/code/aerostore/target/contention-tuned-validation/native-postgres/install/include/server'/libpq '/home/zpconn/code/aerostore/target/contention-tuned-validation/native-postgres/install/include/server'/mb '/home/zpconn/code/aerostore/target/contention-tuned-validation/native-postgres/install/include/server'/nodes '/home/zpconn/code/aerostore/target/contention-tuned-validation/native-postgres/install/include/server'/optimizer '/home/zpconn/code/aerostore/target/contention-tuned-validation/native-postgres/install/include/server'/parser '/home/zpconn/code/aerostore/target/contention-tuned-validation/native-postgres/install/include/server'/partitioning '/home/zpconn/code/aerostore/target/contention-tuned-validation/native-postgres/install/include/server'/postmaster '/home/zpconn/code/aerostore/target/contention-tuned-validation/native-postgres/install/include/server'/regex '/home/zpconn/code/aerostore/target/contention-tuned-validation/native-postgres/install/include/server'/replication '/home/zpconn/code/aerostore/target/contention-tuned-validation/native-postgres/install/include/server'/rewrite '/home/zpconn/code/aerostore/target/contention-tuned-validation/native-postgres/install/include/server'/statistics '/home/zpconn/code/aerostore/target/contention-tuned-validation/native-postgres/install/include/server'/storage '/home/zpconn/code/aerostore/target/contention-tuned-validation/native-postgres/install/include/server'/tcop '/home/zpconn/code/aerostore/target/contention-tuned-validation/native-postgres/install/include/server'/snowball '/home/zpconn/code/aerostore/target/contention-tuned-validation/native-postgres/install/include/server'/snowball/libstemmer '/home/zpconn/code/aerostore/target/contention-tuned-validation/native-postgres/install/include/server'/tsearch '/home/zpconn/code/aerostore/target/contention-tuned-validation/native-postgres/install/include/server'/tsearch/dicts '/home/zpconn/code/aerostore/target/contention-tuned-validation/native-postgres/install/include/server'/utils '/home/zpconn/code/aerostore/target/contention-tuned-validation/native-postgres/install/include/server'/port '/home/zpconn/code/aerostore/target/contention-tuned-validation/native-postgres/install/include/server'/port/atomics '/home/zpconn/code/aerostore/target/contention-tuned-validation/native-postgres/install/include/server'/port/win32 '/home/zpconn/code/aerostore/target/contention-tuned-validation/native-postgres/install/include/server'/port/win32_msvc '/home/zpconn/code/aerostore/target/contention-tuned-validation/native-postgres/install/include/server'/port/win32_msvc/sys '/home/zpconn/code/aerostore/target/contention-tuned-validation/native-postgres/install/include/server'/port/win32/arpa '/home/zpconn/code/aerostore/target/contention-tuned-validation/native-postgres/install/include/server'/port/win32/netinet '/home/zpconn/code/aerostore/target/contention-tuned-validation/native-postgres/install/include/server'/port/win32/sys '/home/zpconn/code/aerostore/target/contention-tuned-validation/native-postgres/install/include/server'/portability
/usr/bin/install -c -m 644 ./postgres_ext.h   '/home/zpconn/code/aerostore/target/contention-tuned-validation/native-postgres/install/include'
/usr/bin/install -c -m 644 ./libpq/libpq-fs.h '/home/zpconn/code/aerostore/target/contention-tuned-validation/native-postgres/install/include/libpq'
/usr/bin/install -c -m 644 pg_config.h     '/home/zpconn/code/aerostore/target/contention-tuned-validation/native-postgres/install/include'
/usr/bin/install -c -m 644 pg_config_ext.h '/home/zpconn/code/aerostore/target/contention-tuned-validation/native-postgres/install/include'
/usr/bin/install -c -m 644 pg_config_os.h  '/home/zpconn/code/aerostore/target/contention-tuned-validation/native-postgres/install/include'
/usr/bin/install -c -m 644 ./pg_config_manual.h '/home/zpconn/code/aerostore/target/contention-tuned-validation/native-postgres/install/include'
/usr/bin/install -c -m 644 ./c.h            '/home/zpconn/code/aerostore/target/contention-tuned-validation/native-postgres/install/include/internal'
/usr/bin/install -c -m 644 ./port.h         '/home/zpconn/code/aerostore/target/contention-tuned-validation/native-postgres/install/include/internal'
/usr/bin/install -c -m 644 ./postgres_fe.h  '/home/zpconn/code/aerostore/target/contention-tuned-validation/native-postgres/install/include/internal'
/usr/bin/install -c -m 644 ./libpq/pqcomm.h '/home/zpconn/code/aerostore/target/contention-tuned-validation/native-postgres/install/include/internal/libpq'
/usr/bin/install -c -m 644 pg_config.h     '/home/zpconn/code/aerostore/target/contention-tuned-validation/native-postgres/install/include/server'
/usr/bin/install -c -m 644 pg_config_ext.h '/home/zpconn/code/aerostore/target/contention-tuned-validation/native-postgres/install/include/server'
/usr/bin/install -c -m 644 pg_config_os.h  '/home/zpconn/code/aerostore/target/contention-tuned-validation/native-postgres/install/include/server'
/usr/bin/install -c -m 644 nodes/nodetags.h '/home/zpconn/code/aerostore/target/contention-tuned-validation/native-postgres/install/include/server/nodes'
/usr/bin/install -c -m 644 utils/errcodes.h '/home/zpconn/code/aerostore/target/contention-tuned-validation/native-postgres/install/include/server/utils'
/usr/bin/install -c -m 644 utils/fmgroids.h '/home/zpconn/code/aerostore/target/contention-tuned-validation/native-postgres/install/include/server/utils'
/usr/bin/install -c -m 644 utils/fmgrprotos.h '/home/zpconn/code/aerostore/target/contention-tuned-validation/native-postgres/install/include/server/utils'
/usr/bin/install -c -m 644 ./*.h '/home/zpconn/code/aerostore/target/contention-tuned-validation/native-postgres/install/include/server'
for dir in access archive bootstrap catalog commands common datatype executor fe_utils foreign jit lib libpq mb nodes optimizer parser partitioning postmaster regex replication rewrite statistics storage tcop snowball snowball/libstemmer tsearch tsearch/dicts utils port port/atomics port/win32 port/win32_msvc port/win32_msvc/sys port/win32/arpa port/win32/netinet port/win32/sys portability; do \
  /usr/bin/install -c -m 644 ./$dir/*.h '/home/zpconn/code/aerostore/target/contention-tuned-validation/native-postgres/install/include/server'/$dir || exit; \
done
make[2]: Leaving directory '/home/zpconn/code/aerostore/target/contention-tuned-validation/native-postgres/source/postgresql-16.13/src/include'
make -C interfaces install
make[2]: Entering directory '/home/zpconn/code/aerostore/target/contention-tuned-validation/native-postgres/source/postgresql-16.13/src/interfaces'
make -C libpq install
make[3]: Entering directory '/home/zpconn/code/aerostore/target/contention-tuned-validation/native-postgres/source/postgresql-16.13/src/interfaces/libpq'
make -C ../../../src/port all
make[4]: Entering directory '/home/zpconn/code/aerostore/target/contention-tuned-validation/native-postgres/source/postgresql-16.13/src/port'
make[4]: Nothing to be done for 'all'.
make[4]: Leaving directory '/home/zpconn/code/aerostore/target/contention-tuned-validation/native-postgres/source/postgresql-16.13/src/port'
make -C ../../../src/common all
make[4]: Entering directory '/home/zpconn/code/aerostore/target/contention-tuned-validation/native-postgres/source/postgresql-16.13/src/common'
make[4]: Nothing to be done for 'all'.
make[4]: Leaving directory '/home/zpconn/code/aerostore/target/contention-tuned-validation/native-postgres/source/postgresql-16.13/src/common'
/usr/bin/mkdir -p '/home/zpconn/code/aerostore/target/contention-tuned-validation/native-postgres/install/lib' '/home/zpconn/code/aerostore/target/contention-tuned-validation/native-postgres/install/lib/pkgconfig' 
/usr/bin/mkdir -p '/home/zpconn/code/aerostore/target/contention-tuned-validation/native-postgres/install/include' '/home/zpconn/code/aerostore/target/contention-tuned-validation/native-postgres/install/include/internal' '/home/zpconn/code/aerostore/target/contention-tuned-validation/native-postgres/install/share'
/usr/bin/install -c -m 755  libpq.so.5.16 '/home/zpconn/code/aerostore/target/contention-tuned-validation/native-postgres/install/lib/libpq.so.5.16'
cd '/home/zpconn/code/aerostore/target/contention-tuned-validation/native-postgres/install/lib' && \
rm -f libpq.so.5 && \
ln -s libpq.so.5.16 libpq.so.5
cd '/home/zpconn/code/aerostore/target/contention-tuned-validation/native-postgres/install/lib' && \
rm -f libpq.so && \
ln -s libpq.so.5.16 libpq.so
/usr/bin/install -c -m 644  libpq.a '/home/zpconn/code/aerostore/target/contention-tuned-validation/native-postgres/install/lib/libpq.a'
/usr/bin/install -c -m 644 libpq.pc '/home/zpconn/code/aerostore/target/contention-tuned-validation/native-postgres/install/lib/pkgconfig/libpq.pc'
/usr/bin/install -c -m 644 ./libpq-fe.h '/home/zpconn/code/aerostore/target/contention-tuned-validation/native-postgres/install/include'
/usr/bin/install -c -m 644 ./libpq-events.h '/home/zpconn/code/aerostore/target/contention-tuned-validation/native-postgres/install/include'
/usr/bin/install -c -m 644 ./libpq-int.h '/home/zpconn/code/aerostore/target/contention-tuned-validation/native-postgres/install/include/internal'
/usr/bin/install -c -m 644 ./fe-auth-sasl.h '/home/zpconn/code/aerostore/target/contention-tuned-validation/native-postgres/install/include/internal'
/usr/bin/install -c -m 644 ./pqexpbuffer.h '/home/zpconn/code/aerostore/target/contention-tuned-validation/native-postgres/install/include/internal'
/usr/bin/install -c -m 644 ./pg_service.conf.sample '/home/zpconn/code/aerostore/target/contention-tuned-validation/native-postgres/install/share/pg_service.conf.sample'
make[3]: Leaving directory '/home/zpconn/code/aerostore/target/contention-tuned-validation/native-postgres/source/postgresql-16.13/src/interfaces/libpq'
make -C ecpg install
make[3]: Entering directory '/home/zpconn/code/aerostore/target/contention-tuned-validation/native-postgres/source/postgresql-16.13/src/interfaces/ecpg'
make -C include install
make[4]: Entering directory '/home/zpconn/code/aerostore/target/contention-tuned-validation/native-postgres/source/postgresql-16.13/src/interfaces/ecpg/include'
/usr/bin/mkdir -p '/home/zpconn/code/aerostore/target/contention-tuned-validation/native-postgres/install/include' '/home/zpconn/code/aerostore/target/contention-tuned-validation/native-postgres/install/include/informix/esql'
/usr/bin/install -c -m 644 ./ecpgerrno.h ./ecpglib.h ./ecpgtype.h ./sqlca.h ./sql3types.h ./ecpg_informix.h ./pgtypes_error.h ./pgtypes_numeric.h ./pgtypes_timestamp.h ./pgtypes_date.h ./pgtypes_interval.h ./pgtypes.h ./sqlda.h ./sqlda-compat.h ./sqlda-native.h '/home/zpconn/code/aerostore/target/contention-tuned-validation/native-postgres/install/include/'
/usr/bin/install -c -m 644 ./datetime.h ./decimal.h ./sqltypes.h '/home/zpconn/code/aerostore/target/contention-tuned-validation/native-postgres/install/include/informix/esql/'
/usr/bin/install -c -m 644 ../../../../src/interfaces/ecpg/include/ecpg_config.h '/home/zpconn/code/aerostore/target/contention-tuned-validation/native-postgres/install/include'
make[4]: Leaving directory '/home/zpconn/code/aerostore/target/contention-tuned-validation/native-postgres/source/postgresql-16.13/src/interfaces/ecpg/include'
make -C pgtypeslib install
make[4]: Entering directory '/home/zpconn/code/aerostore/target/contention-tuned-validation/native-postgres/source/postgresql-16.13/src/interfaces/ecpg/pgtypeslib'
make -C ../../../../src/port all
make[5]: Entering directory '/home/zpconn/code/aerostore/target/contention-tuned-validation/native-postgres/source/postgresql-16.13/src/port'
make[5]: Nothing to be done for 'all'.
make[5]: Leaving directory '/home/zpconn/code/aerostore/target/contention-tuned-validation/native-postgres/source/postgresql-16.13/src/port'
make -C ../../../../src/common all
make[5]: Entering directory '/home/zpconn/code/aerostore/target/contention-tuned-validation/native-postgres/source/postgresql-16.13/src/common'
make[5]: Nothing to be done for 'all'.
make[5]: Leaving directory '/home/zpconn/code/aerostore/target/contention-tuned-validation/native-postgres/source/postgresql-16.13/src/common'
/usr/bin/mkdir -p '/home/zpconn/code/aerostore/target/contention-tuned-validation/native-postgres/install/lib' '/home/zpconn/code/aerostore/target/contention-tuned-validation/native-postgres/install/lib/pkgconfig' 
/usr/bin/install -c -m 755  libpgtypes.so.3.16 '/home/zpconn/code/aerostore/target/contention-tuned-validation/native-postgres/install/lib/libpgtypes.so.3.16'
cd '/home/zpconn/code/aerostore/target/contention-tuned-validation/native-postgres/install/lib' && \
rm -f libpgtypes.so.3 && \
ln -s libpgtypes.so.3.16 libpgtypes.so.3
cd '/home/zpconn/code/aerostore/target/contention-tuned-validation/native-postgres/install/lib' && \
rm -f libpgtypes.so && \
ln -s libpgtypes.so.3.16 libpgtypes.so
/usr/bin/install -c -m 644  libpgtypes.a '/home/zpconn/code/aerostore/target/contention-tuned-validation/native-postgres/install/lib/libpgtypes.a'
/usr/bin/install -c -m 644 libpgtypes.pc '/home/zpconn/code/aerostore/target/contention-tuned-validation/native-postgres/install/lib/pkgconfig/libpgtypes.pc'
make[4]: Leaving directory '/home/zpconn/code/aerostore/target/contention-tuned-validation/native-postgres/source/postgresql-16.13/src/interfaces/ecpg/pgtypeslib'
make -C ecpglib install
make[4]: Entering directory '/home/zpconn/code/aerostore/target/contention-tuned-validation/native-postgres/source/postgresql-16.13/src/interfaces/ecpg/ecpglib'
make -C ../../../../src/interfaces/libpq all
make[5]: Entering directory '/home/zpconn/code/aerostore/target/contention-tuned-validation/native-postgres/source/postgresql-16.13/src/interfaces/libpq'
make -C ../../../src/port all
make[6]: Entering directory '/home/zpconn/code/aerostore/target/contention-tuned-validation/native-postgres/source/postgresql-16.13/src/port'
make[6]: Nothing to be done for 'all'.
make[6]: Leaving directory '/home/zpconn/code/aerostore/target/contention-tuned-validation/native-postgres/source/postgresql-16.13/src/port'
make -C ../../../src/common all
make[6]: Entering directory '/home/zpconn/code/aerostore/target/contention-tuned-validation/native-postgres/source/postgresql-16.13/src/common'
make[6]: Nothing to be done for 'all'.
make[6]: Leaving directory '/home/zpconn/code/aerostore/target/contention-tuned-validation/native-postgres/source/postgresql-16.13/src/common'
make[5]: Leaving directory '/home/zpconn/code/aerostore/target/contention-tuned-validation/native-postgres/source/postgresql-16.13/src/interfaces/libpq'
make -C ../../../../src/interfaces/ecpg/pgtypeslib all
make[5]: Entering directory '/home/zpconn/code/aerostore/target/contention-tuned-validation/native-postgres/source/postgresql-16.13/src/interfaces/ecpg/pgtypeslib'
make -C ../../../../src/port all
make[6]: Entering directory '/home/zpconn/code/aerostore/target/contention-tuned-validation/native-postgres/source/postgresql-16.13/src/port'
make[6]: Nothing to be done for 'all'.
make[6]: Leaving directory '/home/zpconn/code/aerostore/target/contention-tuned-validation/native-postgres/source/postgresql-16.13/src/port'
make -C ../../../../src/common all
make[6]: Entering directory '/home/zpconn/code/aerostore/target/contention-tuned-validation/native-postgres/source/postgresql-16.13/src/common'
make[6]: Nothing to be done for 'all'.
make[6]: Leaving directory '/home/zpconn/code/aerostore/target/contention-tuned-validation/native-postgres/source/postgresql-16.13/src/common'
make[5]: Leaving directory '/home/zpconn/code/aerostore/target/contention-tuned-validation/native-postgres/source/postgresql-16.13/src/interfaces/ecpg/pgtypeslib'
/usr/bin/mkdir -p '/home/zpconn/code/aerostore/target/contention-tuned-validation/native-postgres/install/lib' '/home/zpconn/code/aerostore/target/contention-tuned-validation/native-postgres/install/lib/pkgconfig' 
/usr/bin/install -c -m 755  libecpg.so.6.16 '/home/zpconn/code/aerostore/target/contention-tuned-validation/native-postgres/install/lib/libecpg.so.6.16'
cd '/home/zpconn/code/aerostore/target/contention-tuned-validation/native-postgres/install/lib' && \
rm -f libecpg.so.6 && \
ln -s libecpg.so.6.16 libecpg.so.6
cd '/home/zpconn/code/aerostore/target/contention-tuned-validation/native-postgres/install/lib' && \
rm -f libecpg.so && \
ln -s libecpg.so.6.16 libecpg.so
/usr/bin/install -c -m 644  libecpg.a '/home/zpconn/code/aerostore/target/contention-tuned-validation/native-postgres/install/lib/libecpg.a'
/usr/bin/install -c -m 644 libecpg.pc '/home/zpconn/code/aerostore/target/contention-tuned-validation/native-postgres/install/lib/pkgconfig/libecpg.pc'
make[4]: Leaving directory '/home/zpconn/code/aerostore/target/contention-tuned-validation/native-postgres/source/postgresql-16.13/src/interfaces/ecpg/ecpglib'
make -C compatlib install
make[4]: Entering directory '/home/zpconn/code/aerostore/target/contention-tuned-validation/native-postgres/source/postgresql-16.13/src/interfaces/ecpg/compatlib'
make -C ../../../../src/interfaces/ecpg/ecpglib all
make[5]: Entering directory '/home/zpconn/code/aerostore/target/contention-tuned-validation/native-postgres/source/postgresql-16.13/src/interfaces/ecpg/ecpglib'
make -C ../../../../src/interfaces/libpq all
make[6]: Entering directory '/home/zpconn/code/aerostore/target/contention-tuned-validation/native-postgres/source/postgresql-16.13/src/interfaces/libpq'
make -C ../../../src/port all
make[7]: Entering directory '/home/zpconn/code/aerostore/target/contention-tuned-validation/native-postgres/source/postgresql-16.13/src/port'
make[7]: Nothing to be done for 'all'.
make[7]: Leaving directory '/home/zpconn/code/aerostore/target/contention-tuned-validation/native-postgres/source/postgresql-16.13/src/port'
make -C ../../../src/common all
make[7]: Entering directory '/home/zpconn/code/aerostore/target/contention-tuned-validation/native-postgres/source/postgresql-16.13/src/common'
make[7]: Nothing to be done for 'all'.
make[7]: Leaving directory '/home/zpconn/code/aerostore/target/contention-tuned-validation/native-postgres/source/postgresql-16.13/src/common'
make[6]: Leaving directory '/home/zpconn/code/aerostore/target/contention-tuned-validation/native-postgres/source/postgresql-16.13/src/interfaces/libpq'
make -C ../../../../src/interfaces/ecpg/pgtypeslib all
make[6]: Entering directory '/home/zpconn/code/aerostore/target/contention-tuned-validation/native-postgres/source/postgresql-16.13/src/interfaces/ecpg/pgtypeslib'
make -C ../../../../src/port all
make[7]: Entering directory '/home/zpconn/code/aerostore/target/contention-tuned-validation/native-postgres/source/postgresql-16.13/src/port'
make[7]: Nothing to be done for 'all'.
make[7]: Leaving directory '/home/zpconn/code/aerostore/target/contention-tuned-validation/native-postgres/source/postgresql-16.13/src/port'
make -C ../../../../src/common all
make[7]: Entering directory '/home/zpconn/code/aerostore/target/contention-tuned-validation/native-postgres/source/postgresql-16.13/src/common'
make[7]: Nothing to be done for 'all'.
make[7]: Leaving directory '/home/zpconn/code/aerostore/target/contention-tuned-validation/native-postgres/source/postgresql-16.13/src/common'
make[6]: Leaving directory '/home/zpconn/code/aerostore/target/contention-tuned-validation/native-postgres/source/postgresql-16.13/src/interfaces/ecpg/pgtypeslib'
make[5]: Leaving directory '/home/zpconn/code/aerostore/target/contention-tuned-validation/native-postgres/source/postgresql-16.13/src/interfaces/ecpg/ecpglib'
make -C ../../../../src/interfaces/ecpg/pgtypeslib all
make[5]: Entering directory '/home/zpconn/code/aerostore/target/contention-tuned-validation/native-postgres/source/postgresql-16.13/src/interfaces/ecpg/pgtypeslib'
make -C ../../../../src/port all
make[6]: Entering directory '/home/zpconn/code/aerostore/target/contention-tuned-validation/native-postgres/source/postgresql-16.13/src/port'
make[6]: Nothing to be done for 'all'.
make[6]: Leaving directory '/home/zpconn/code/aerostore/target/contention-tuned-validation/native-postgres/source/postgresql-16.13/src/port'
make -C ../../../../src/common all
make[6]: Entering directory '/home/zpconn/code/aerostore/target/contention-tuned-validation/native-postgres/source/postgresql-16.13/src/common'
make[6]: Nothing to be done for 'all'.
make[6]: Leaving directory '/home/zpconn/code/aerostore/target/contention-tuned-validation/native-postgres/source/postgresql-16.13/src/common'
make[5]: Leaving directory '/home/zpconn/code/aerostore/target/contention-tuned-validation/native-postgres/source/postgresql-16.13/src/interfaces/ecpg/pgtypeslib'
/usr/bin/mkdir -p '/home/zpconn/code/aerostore/target/contention-tuned-validation/native-postgres/install/lib' '/home/zpconn/code/aerostore/target/contention-tuned-validation/native-postgres/install/lib/pkgconfig' 
/usr/bin/install -c -m 755  libecpg_compat.so.3.16 '/home/zpconn/code/aerostore/target/contention-tuned-validation/native-postgres/install/lib/libecpg_compat.so.3.16'
cd '/home/zpconn/code/aerostore/target/contention-tuned-validation/native-postgres/install/lib' && \
rm -f libecpg_compat.so.3 && \
ln -s libecpg_compat.so.3.16 libecpg_compat.so.3
cd '/home/zpconn/code/aerostore/target/contention-tuned-validation/native-postgres/install/lib' && \
rm -f libecpg_compat.so && \
ln -s libecpg_compat.so.3.16 libecpg_compat.so
/usr/bin/install -c -m 644  libecpg_compat.a '/home/zpconn/code/aerostore/target/contention-tuned-validation/native-postgres/install/lib/libecpg_compat.a'
/usr/bin/install -c -m 644 libecpg_compat.pc '/home/zpconn/code/aerostore/target/contention-tuned-validation/native-postgres/install/lib/pkgconfig/libecpg_compat.pc'
make[4]: Leaving directory '/home/zpconn/code/aerostore/target/contention-tuned-validation/native-postgres/source/postgresql-16.13/src/interfaces/ecpg/compatlib'
make -C preproc install
make[4]: Entering directory '/home/zpconn/code/aerostore/target/contention-tuned-validation/native-postgres/source/postgresql-16.13/src/interfaces/ecpg/preproc'
make -C ../../../../src/port all
make[5]: Entering directory '/home/zpconn/code/aerostore/target/contention-tuned-validation/native-postgres/source/postgresql-16.13/src/port'
make[5]: Nothing to be done for 'all'.
make[5]: Leaving directory '/home/zpconn/code/aerostore/target/contention-tuned-validation/native-postgres/source/postgresql-16.13/src/port'
make -C ../../../../src/common all
make[5]: Entering directory '/home/zpconn/code/aerostore/target/contention-tuned-validation/native-postgres/source/postgresql-16.13/src/common'
make[5]: Nothing to be done for 'all'.
make[5]: Leaving directory '/home/zpconn/code/aerostore/target/contention-tuned-validation/native-postgres/source/postgresql-16.13/src/common'
/usr/bin/mkdir -p '/home/zpconn/code/aerostore/target/contention-tuned-validation/native-postgres/install/bin'
/usr/bin/install -c  ecpg '/home/zpconn/code/aerostore/target/contention-tuned-validation/native-postgres/install/bin'
make[4]: Leaving directory '/home/zpconn/code/aerostore/target/contention-tuned-validation/native-postgres/source/postgresql-16.13/src/interfaces/ecpg/preproc'
make[3]: Leaving directory '/home/zpconn/code/aerostore/target/contention-tuned-validation/native-postgres/source/postgresql-16.13/src/interfaces/ecpg'
make[2]: Leaving directory '/home/zpconn/code/aerostore/target/contention-tuned-validation/native-postgres/source/postgresql-16.13/src/interfaces'
make -C backend/replication/libpqwalreceiver install
make[2]: Entering directory '/home/zpconn/code/aerostore/target/contention-tuned-validation/native-postgres/source/postgresql-16.13/src/backend/replication/libpqwalreceiver'
make -C ../../../../src/interfaces/libpq all
make[3]: Entering directory '/home/zpconn/code/aerostore/target/contention-tuned-validation/native-postgres/source/postgresql-16.13/src/interfaces/libpq'
make -C ../../../src/port all
make[4]: Entering directory '/home/zpconn/code/aerostore/target/contention-tuned-validation/native-postgres/source/postgresql-16.13/src/port'
make[4]: Nothing to be done for 'all'.
make[4]: Leaving directory '/home/zpconn/code/aerostore/target/contention-tuned-validation/native-postgres/source/postgresql-16.13/src/port'
make -C ../../../src/common all
make[4]: Entering directory '/home/zpconn/code/aerostore/target/contention-tuned-validation/native-postgres/source/postgresql-16.13/src/common'
make[4]: Nothing to be done for 'all'.
make[4]: Leaving directory '/home/zpconn/code/aerostore/target/contention-tuned-validation/native-postgres/source/postgresql-16.13/src/common'
make[3]: Leaving directory '/home/zpconn/code/aerostore/target/contention-tuned-validation/native-postgres/source/postgresql-16.13/src/interfaces/libpq'
/usr/bin/mkdir -p '/home/zpconn/code/aerostore/target/contention-tuned-validation/native-postgres/install/lib'
/usr/bin/install -c -m 755  libpqwalreceiver.so '/home/zpconn/code/aerostore/target/contention-tuned-validation/native-postgres/install/lib/libpqwalreceiver.so'
make[2]: Leaving directory '/home/zpconn/code/aerostore/target/contention-tuned-validation/native-postgres/source/postgresql-16.13/src/backend/replication/libpqwalreceiver'
make -C backend/replication/pgoutput install
make[2]: Entering directory '/home/zpconn/code/aerostore/target/contention-tuned-validation/native-postgres/source/postgresql-16.13/src/backend/replication/pgoutput'
/usr/bin/mkdir -p '/home/zpconn/code/aerostore/target/contention-tuned-validation/native-postgres/install/lib'
/usr/bin/install -c -m 755  pgoutput.so '/home/zpconn/code/aerostore/target/contention-tuned-validation/native-postgres/install/lib/pgoutput.so'
make[2]: Leaving directory '/home/zpconn/code/aerostore/target/contention-tuned-validation/native-postgres/source/postgresql-16.13/src/backend/replication/pgoutput'
make -C fe_utils install
make[2]: Entering directory '/home/zpconn/code/aerostore/target/contention-tuned-validation/native-postgres/source/postgresql-16.13/src/fe_utils'
/usr/bin/mkdir -p '/home/zpconn/code/aerostore/target/contention-tuned-validation/native-postgres/install/lib'
/usr/bin/install -c -m 644  libpgfeutils.a '/home/zpconn/code/aerostore/target/contention-tuned-validation/native-postgres/install/lib/libpgfeutils.a'
make[2]: Leaving directory '/home/zpconn/code/aerostore/target/contention-tuned-validation/native-postgres/source/postgresql-16.13/src/fe_utils'
make -C bin install
make[2]: Entering directory '/home/zpconn/code/aerostore/target/contention-tuned-validation/native-postgres/source/postgresql-16.13/src/bin'
make -C initdb install
make[3]: Entering directory '/home/zpconn/code/aerostore/target/contention-tuned-validation/native-postgres/source/postgresql-16.13/src/bin/initdb'
make -C ../../../src/interfaces/libpq all
make[4]: Entering directory '/home/zpconn/code/aerostore/target/contention-tuned-validation/native-postgres/source/postgresql-16.13/src/interfaces/libpq'
make -C ../../../src/port all
make[5]: Entering directory '/home/zpconn/code/aerostore/target/contention-tuned-validation/native-postgres/source/postgresql-16.13/src/port'
make[5]: Nothing to be done for 'all'.
make[5]: Leaving directory '/home/zpconn/code/aerostore/target/contention-tuned-validation/native-postgres/source/postgresql-16.13/src/port'
make -C ../../../src/common all
make[5]: Entering directory '/home/zpconn/code/aerostore/target/contention-tuned-validation/native-postgres/source/postgresql-16.13/src/common'
make[5]: Nothing to be done for 'all'.
make[5]: Leaving directory '/home/zpconn/code/aerostore/target/contention-tuned-validation/native-postgres/source/postgresql-16.13/src/common'
make[4]: Leaving directory '/home/zpconn/code/aerostore/target/contention-tuned-validation/native-postgres/source/postgresql-16.13/src/interfaces/libpq'
make -C ../../../src/port all
make[4]: Entering directory '/home/zpconn/code/aerostore/target/contention-tuned-validation/native-postgres/source/postgresql-16.13/src/port'
make[4]: Nothing to be done for 'all'.
make[4]: Leaving directory '/home/zpconn/code/aerostore/target/contention-tuned-validation/native-postgres/source/postgresql-16.13/src/port'
make -C ../../../src/common all
make[4]: Entering directory '/home/zpconn/code/aerostore/target/contention-tuned-validation/native-postgres/source/postgresql-16.13/src/common'
make[4]: Nothing to be done for 'all'.
make[4]: Leaving directory '/home/zpconn/code/aerostore/target/contention-tuned-validation/native-postgres/source/postgresql-16.13/src/common'
make -C ../../../src/port all
make[4]: Entering directory '/home/zpconn/code/aerostore/target/contention-tuned-validation/native-postgres/source/postgresql-16.13/src/port'
make[4]: Nothing to be done for 'all'.
make[4]: Leaving directory '/home/zpconn/code/aerostore/target/contention-tuned-validation/native-postgres/source/postgresql-16.13/src/port'
make -C ../../../src/common all
make[4]: Entering directory '/home/zpconn/code/aerostore/target/contention-tuned-validation/native-postgres/source/postgresql-16.13/src/common'
make[4]: Nothing to be done for 'all'.
make[4]: Leaving directory '/home/zpconn/code/aerostore/target/contention-tuned-validation/native-postgres/source/postgresql-16.13/src/common'
make -C ../../../src/fe_utils all
make[4]: Entering directory '/home/zpconn/code/aerostore/target/contention-tuned-validation/native-postgres/source/postgresql-16.13/src/fe_utils'
make[4]: Nothing to be done for 'all'.
make[4]: Leaving directory '/home/zpconn/code/aerostore/target/contention-tuned-validation/native-postgres/source/postgresql-16.13/src/fe_utils'
/usr/bin/mkdir -p '/home/zpconn/code/aerostore/target/contention-tuned-validation/native-postgres/install/bin'
/usr/bin/install -c  initdb '/home/zpconn/code/aerostore/target/contention-tuned-validation/native-postgres/install/bin/initdb'
make[3]: Leaving directory '/home/zpconn/code/aerostore/target/contention-tuned-validation/native-postgres/source/postgresql-16.13/src/bin/initdb'
make -C pg_amcheck install
make[3]: Entering directory '/home/zpconn/code/aerostore/target/contention-tuned-validation/native-postgres/source/postgresql-16.13/src/bin/pg_amcheck'
make -C ../../../src/interfaces/libpq all
make[4]: Entering directory '/home/zpconn/code/aerostore/target/contention-tuned-validation/native-postgres/source/postgresql-16.13/src/interfaces/libpq'
make -C ../../../src/port all
make[5]: Entering directory '/home/zpconn/code/aerostore/target/contention-tuned-validation/native-postgres/source/postgresql-16.13/src/port'
make[5]: Nothing to be done for 'all'.
make[5]: Leaving directory '/home/zpconn/code/aerostore/target/contention-tuned-validation/native-postgres/source/postgresql-16.13/src/port'
make -C ../../../src/common all
make[5]: Entering directory '/home/zpconn/code/aerostore/target/contention-tuned-validation/native-postgres/source/postgresql-16.13/src/common'
make[5]: Nothing to be done for 'all'.
make[5]: Leaving directory '/home/zpconn/code/aerostore/target/contention-tuned-validation/native-postgres/source/postgresql-16.13/src/common'
make[4]: Leaving directory '/home/zpconn/code/aerostore/target/contention-tuned-validation/native-postgres/source/postgresql-16.13/src/interfaces/libpq'
make -C ../../../src/port all
make[4]: Entering directory '/home/zpconn/code/aerostore/target/contention-tuned-validation/native-postgres/source/postgresql-16.13/src/port'
make[4]: Nothing to be done for 'all'.
make[4]: Leaving directory '/home/zpconn/code/aerostore/target/contention-tuned-validation/native-postgres/source/postgresql-16.13/src/port'
make -C ../../../src/common all
make[4]: Entering directory '/home/zpconn/code/aerostore/target/contention-tuned-validation/native-postgres/source/postgresql-16.13/src/common'
make[4]: Nothing to be done for 'all'.
make[4]: Leaving directory '/home/zpconn/code/aerostore/target/contention-tuned-validation/native-postgres/source/postgresql-16.13/src/common'
make -C ../../../src/port all
make[4]: Entering directory '/home/zpconn/code/aerostore/target/contention-tuned-validation/native-postgres/source/postgresql-16.13/src/port'
make[4]: Nothing to be done for 'all'.
make[4]: Leaving directory '/home/zpconn/code/aerostore/target/contention-tuned-validation/native-postgres/source/postgresql-16.13/src/port'
make -C ../../../src/common all
make[4]: Entering directory '/home/zpconn/code/aerostore/target/contention-tuned-validation/native-postgres/source/postgresql-16.13/src/common'
make[4]: Nothing to be done for 'all'.
make[4]: Leaving directory '/home/zpconn/code/aerostore/target/contention-tuned-validation/native-postgres/source/postgresql-16.13/src/common'
make -C ../../../src/fe_utils all
make[4]: Entering directory '/home/zpconn/code/aerostore/target/contention-tuned-validation/native-postgres/source/postgresql-16.13/src/fe_utils'
make[4]: Nothing to be done for 'all'.
make[4]: Leaving directory '/home/zpconn/code/aerostore/target/contention-tuned-validation/native-postgres/source/postgresql-16.13/src/fe_utils'
/usr/bin/mkdir -p '/home/zpconn/code/aerostore/target/contention-tuned-validation/native-postgres/install/bin'
/usr/bin/install -c  pg_amcheck '/home/zpconn/code/aerostore/target/contention-tuned-validation/native-postgres/install/bin/pg_amcheck'
make[3]: Leaving directory '/home/zpconn/code/aerostore/target/contention-tuned-validation/native-postgres/source/postgresql-16.13/src/bin/pg_amcheck'
make -C pg_archivecleanup install
make[3]: Entering directory '/home/zpconn/code/aerostore/target/contention-tuned-validation/native-postgres/source/postgresql-16.13/src/bin/pg_archivecleanup'
make -C ../../../src/port all
make[4]: Entering directory '/home/zpconn/code/aerostore/target/contention-tuned-validation/native-postgres/source/postgresql-16.13/src/port'
make[4]: Nothing to be done for 'all'.
make[4]: Leaving directory '/home/zpconn/code/aerostore/target/contention-tuned-validation/native-postgres/source/postgresql-16.13/src/port'
make -C ../../../src/common all
make[4]: Entering directory '/home/zpconn/code/aerostore/target/contention-tuned-validation/native-postgres/source/postgresql-16.13/src/common'
make[4]: Nothing to be done for 'all'.
make[4]: Leaving directory '/home/zpconn/code/aerostore/target/contention-tuned-validation/native-postgres/source/postgresql-16.13/src/common'
/usr/bin/mkdir -p '/home/zpconn/code/aerostore/target/contention-tuned-validation/native-postgres/install/bin'
/usr/bin/install -c  pg_archivecleanup '/home/zpconn/code/aerostore/target/contention-tuned-validation/native-postgres/install/bin/pg_archivecleanup'
make[3]: Leaving directory '/home/zpconn/code/aerostore/target/contention-tuned-validation/native-postgres/source/postgresql-16.13/src/bin/pg_archivecleanup'
make -C pg_basebackup install
make[3]: Entering directory '/home/zpconn/code/aerostore/target/contention-tuned-validation/native-postgres/source/postgresql-16.13/src/bin/pg_basebackup'
make -C ../../../src/interfaces/libpq all
make[4]: Entering directory '/home/zpconn/code/aerostore/target/contention-tuned-validation/native-postgres/source/postgresql-16.13/src/interfaces/libpq'
make -C ../../../src/port all
make[5]: Entering directory '/home/zpconn/code/aerostore/target/contention-tuned-validation/native-postgres/source/postgresql-16.13/src/port'
make[5]: Nothing to be done for 'all'.
make[5]: Leaving directory '/home/zpconn/code/aerostore/target/contention-tuned-validation/native-postgres/source/postgresql-16.13/src/port'
make -C ../../../src/common all
make[5]: Entering directory '/home/zpconn/code/aerostore/target/contention-tuned-validation/native-postgres/source/postgresql-16.13/src/common'
make[5]: Nothing to be done for 'all'.
make[5]: Leaving directory '/home/zpconn/code/aerostore/target/contention-tuned-validation/native-postgres/source/postgresql-16.13/src/common'
make[4]: Leaving directory '/home/zpconn/code/aerostore/target/contention-tuned-validation/native-postgres/source/postgresql-16.13/src/interfaces/libpq'
make -C ../../../src/port all
make[4]: Entering directory '/home/zpconn/code/aerostore/target/contention-tuned-validation/native-postgres/source/postgresql-16.13/src/port'
make[4]: Nothing to be done for 'all'.
make[4]: Leaving directory '/home/zpconn/code/aerostore/target/contention-tuned-validation/native-postgres/source/postgresql-16.13/src/port'
make -C ../../../src/common all
make[4]: Entering directory '/home/zpconn/code/aerostore/target/contention-tuned-validation/native-postgres/source/postgresql-16.13/src/common'
make[4]: Nothing to be done for 'all'.
make[4]: Leaving directory '/home/zpconn/code/aerostore/target/contention-tuned-validation/native-postgres/source/postgresql-16.13/src/common'
make -C ../../../src/port all
make[4]: Entering directory '/home/zpconn/code/aerostore/target/contention-tuned-validation/native-postgres/source/postgresql-16.13/src/port'
make[4]: Nothing to be done for 'all'.
make[4]: Leaving directory '/home/zpconn/code/aerostore/target/contention-tuned-validation/native-postgres/source/postgresql-16.13/src/port'
make -C ../../../src/common all
make[4]: Entering directory '/home/zpconn/code/aerostore/target/contention-tuned-validation/native-postgres/source/postgresql-16.13/src/common'
make[4]: Nothing to be done for 'all'.
make[4]: Leaving directory '/home/zpconn/code/aerostore/target/contention-tuned-validation/native-postgres/source/postgresql-16.13/src/common'
make -C ../../../src/fe_utils all
make[4]: Entering directory '/home/zpconn/code/aerostore/target/contention-tuned-validation/native-postgres/source/postgresql-16.13/src/fe_utils'
make[4]: Nothing to be done for 'all'.
make[4]: Leaving directory '/home/zpconn/code/aerostore/target/contention-tuned-validation/native-postgres/source/postgresql-16.13/src/fe_utils'
/usr/bin/mkdir -p '/home/zpconn/code/aerostore/target/contention-tuned-validation/native-postgres/install/bin'
/usr/bin/install -c  pg_basebackup '/home/zpconn/code/aerostore/target/contention-tuned-validation/native-postgres/install/bin/pg_basebackup'
/usr/bin/install -c  pg_receivewal '/home/zpconn/code/aerostore/target/contention-tuned-validation/native-postgres/install/bin/pg_receivewal'
/usr/bin/install -c  pg_recvlogical '/home/zpconn/code/aerostore/target/contention-tuned-validation/native-postgres/install/bin/pg_recvlogical'
make[3]: Leaving directory '/home/zpconn/code/aerostore/target/contention-tuned-validation/native-postgres/source/postgresql-16.13/src/bin/pg_basebackup'
make -C pg_checksums install
make[3]: Entering directory '/home/zpconn/code/aerostore/target/contention-tuned-validation/native-postgres/source/postgresql-16.13/src/bin/pg_checksums'
make -C ../../../src/port all
make[4]: Entering directory '/home/zpconn/code/aerostore/target/contention-tuned-validation/native-postgres/source/postgresql-16.13/src/port'
make[4]: Nothing to be done for 'all'.
make[4]: Leaving directory '/home/zpconn/code/aerostore/target/contention-tuned-validation/native-postgres/source/postgresql-16.13/src/port'
make -C ../../../src/common all
make[4]: Entering directory '/home/zpconn/code/aerostore/target/contention-tuned-validation/native-postgres/source/postgresql-16.13/src/common'
make[4]: Nothing to be done for 'all'.
make[4]: Leaving directory '/home/zpconn/code/aerostore/target/contention-tuned-validation/native-postgres/source/postgresql-16.13/src/common'
/usr/bin/mkdir -p '/home/zpconn/code/aerostore/target/contention-tuned-validation/native-postgres/install/bin'
/usr/bin/install -c  pg_checksums '/home/zpconn/code/aerostore/target/contention-tuned-validation/native-postgres/install/bin/pg_checksums'
make[3]: Leaving directory '/home/zpconn/code/aerostore/target/contention-tuned-validation/native-postgres/source/postgresql-16.13/src/bin/pg_checksums'
make -C pg_config install
make[3]: Entering directory '/home/zpconn/code/aerostore/target/contention-tuned-validation/native-postgres/source/postgresql-16.13/src/bin/pg_config'
make -C ../../../src/port all
make[4]: Entering directory '/home/zpconn/code/aerostore/target/contention-tuned-validation/native-postgres/source/postgresql-16.13/src/port'
make[4]: Nothing to be done for 'all'.
make[4]: Leaving directory '/home/zpconn/code/aerostore/target/contention-tuned-validation/native-postgres/source/postgresql-16.13/src/port'
make -C ../../../src/common all
make[4]: Entering directory '/home/zpconn/code/aerostore/target/contention-tuned-validation/native-postgres/source/postgresql-16.13/src/common'
make[4]: Nothing to be done for 'all'.
make[4]: Leaving directory '/home/zpconn/code/aerostore/target/contention-tuned-validation/native-postgres/source/postgresql-16.13/src/common'
/usr/bin/mkdir -p '/home/zpconn/code/aerostore/target/contention-tuned-validation/native-postgres/install/bin'
/usr/bin/install -c -m 755 pg_config '/home/zpconn/code/aerostore/target/contention-tuned-validation/native-postgres/install/bin/pg_config'
make[3]: Leaving directory '/home/zpconn/code/aerostore/target/contention-tuned-validation/native-postgres/source/postgresql-16.13/src/bin/pg_config'
make -C pg_controldata install
make[3]: Entering directory '/home/zpconn/code/aerostore/target/contention-tuned-validation/native-postgres/source/postgresql-16.13/src/bin/pg_controldata'
make -C ../../../src/port all
make[4]: Entering directory '/home/zpconn/code/aerostore/target/contention-tuned-validation/native-postgres/source/postgresql-16.13/src/port'
make[4]: Nothing to be done for 'all'.
make[4]: Leaving directory '/home/zpconn/code/aerostore/target/contention-tuned-validation/native-postgres/source/postgresql-16.13/src/port'
make -C ../../../src/common all
make[4]: Entering directory '/home/zpconn/code/aerostore/target/contention-tuned-validation/native-postgres/source/postgresql-16.13/src/common'
make[4]: Nothing to be done for 'all'.
make[4]: Leaving directory '/home/zpconn/code/aerostore/target/contention-tuned-validation/native-postgres/source/postgresql-16.13/src/common'
/usr/bin/mkdir -p '/home/zpconn/code/aerostore/target/contention-tuned-validation/native-postgres/install/bin'
/usr/bin/install -c  pg_controldata '/home/zpconn/code/aerostore/target/contention-tuned-validation/native-postgres/install/bin/pg_controldata'
make[3]: Leaving directory '/home/zpconn/code/aerostore/target/contention-tuned-validation/native-postgres/source/postgresql-16.13/src/bin/pg_controldata'
make -C pg_ctl install
make[3]: Entering directory '/home/zpconn/code/aerostore/target/contention-tuned-validation/native-postgres/source/postgresql-16.13/src/bin/pg_ctl'
make -C ../../../src/port all
make[4]: Entering directory '/home/zpconn/code/aerostore/target/contention-tuned-validation/native-postgres/source/postgresql-16.13/src/port'
make[4]: Nothing to be done for 'all'.
make[4]: Leaving directory '/home/zpconn/code/aerostore/target/contention-tuned-validation/native-postgres/source/postgresql-16.13/src/port'
make -C ../../../src/common all
make[4]: Entering directory '/home/zpconn/code/aerostore/target/contention-tuned-validation/native-postgres/source/postgresql-16.13/src/common'
make[4]: Nothing to be done for 'all'.
make[4]: Leaving directory '/home/zpconn/code/aerostore/target/contention-tuned-validation/native-postgres/source/postgresql-16.13/src/common'
/usr/bin/mkdir -p '/home/zpconn/code/aerostore/target/contention-tuned-validation/native-postgres/install/bin'
/usr/bin/install -c  pg_ctl '/home/zpconn/code/aerostore/target/contention-tuned-validation/native-postgres/install/bin/pg_ctl'
make[3]: Leaving directory '/home/zpconn/code/aerostore/target/contention-tuned-validation/native-postgres/source/postgresql-16.13/src/bin/pg_ctl'
make -C pg_dump install
make[3]: Entering directory '/home/zpconn/code/aerostore/target/contention-tuned-validation/native-postgres/source/postgresql-16.13/src/bin/pg_dump'
make -C ../../../src/interfaces/libpq all
make[4]: Entering directory '/home/zpconn/code/aerostore/target/contention-tuned-validation/native-postgres/source/postgresql-16.13/src/interfaces/libpq'
make -C ../../../src/port all
make[5]: Entering directory '/home/zpconn/code/aerostore/target/contention-tuned-validation/native-postgres/source/postgresql-16.13/src/port'
make[5]: Nothing to be done for 'all'.
make[5]: Leaving directory '/home/zpconn/code/aerostore/target/contention-tuned-validation/native-postgres/source/postgresql-16.13/src/port'
make -C ../../../src/common all
make[5]: Entering directory '/home/zpconn/code/aerostore/target/contention-tuned-validation/native-postgres/source/postgresql-16.13/src/common'
make[5]: Nothing to be done for 'all'.
make[5]: Leaving directory '/home/zpconn/code/aerostore/target/contention-tuned-validation/native-postgres/source/postgresql-16.13/src/common'
make[4]: Leaving directory '/home/zpconn/code/aerostore/target/contention-tuned-validation/native-postgres/source/postgresql-16.13/src/interfaces/libpq'
make -C ../../../src/port all
make[4]: Entering directory '/home/zpconn/code/aerostore/target/contention-tuned-validation/native-postgres/source/postgresql-16.13/src/port'
make[4]: Nothing to be done for 'all'.
make[4]: Leaving directory '/home/zpconn/code/aerostore/target/contention-tuned-validation/native-postgres/source/postgresql-16.13/src/port'
make -C ../../../src/common all
make[4]: Entering directory '/home/zpconn/code/aerostore/target/contention-tuned-validation/native-postgres/source/postgresql-16.13/src/common'
make[4]: Nothing to be done for 'all'.
make[4]: Leaving directory '/home/zpconn/code/aerostore/target/contention-tuned-validation/native-postgres/source/postgresql-16.13/src/common'
make -C ../../../src/port all
make[4]: Entering directory '/home/zpconn/code/aerostore/target/contention-tuned-validation/native-postgres/source/postgresql-16.13/src/port'
make[4]: Nothing to be done for 'all'.
make[4]: Leaving directory '/home/zpconn/code/aerostore/target/contention-tuned-validation/native-postgres/source/postgresql-16.13/src/port'
make -C ../../../src/common all
make[4]: Entering directory '/home/zpconn/code/aerostore/target/contention-tuned-validation/native-postgres/source/postgresql-16.13/src/common'
make[4]: Nothing to be done for 'all'.
make[4]: Leaving directory '/home/zpconn/code/aerostore/target/contention-tuned-validation/native-postgres/source/postgresql-16.13/src/common'
make -C ../../../src/fe_utils all
make[4]: Entering directory '/home/zpconn/code/aerostore/target/contention-tuned-validation/native-postgres/source/postgresql-16.13/src/fe_utils'
make[4]: Nothing to be done for 'all'.
make[4]: Leaving directory '/home/zpconn/code/aerostore/target/contention-tuned-validation/native-postgres/source/postgresql-16.13/src/fe_utils'
/usr/bin/mkdir -p '/home/zpconn/code/aerostore/target/contention-tuned-validation/native-postgres/install/bin'
/usr/bin/install -c  pg_dump '/home/zpconn/code/aerostore/target/contention-tuned-validation/native-postgres/install/bin'/pg_dump
/usr/bin/install -c  pg_restore '/home/zpconn/code/aerostore/target/contention-tuned-validation/native-postgres/install/bin'/pg_restore
/usr/bin/install -c  pg_dumpall '/home/zpconn/code/aerostore/target/contention-tuned-validation/native-postgres/install/bin'/pg_dumpall
make[3]: Leaving directory '/home/zpconn/code/aerostore/target/contention-tuned-validation/native-postgres/source/postgresql-16.13/src/bin/pg_dump'
make -C pg_resetwal install
make[3]: Entering directory '/home/zpconn/code/aerostore/target/contention-tuned-validation/native-postgres/source/postgresql-16.13/src/bin/pg_resetwal'
make -C ../../../src/port all
make[4]: Entering directory '/home/zpconn/code/aerostore/target/contention-tuned-validation/native-postgres/source/postgresql-16.13/src/port'
make[4]: Nothing to be done for 'all'.
make[4]: Leaving directory '/home/zpconn/code/aerostore/target/contention-tuned-validation/native-postgres/source/postgresql-16.13/src/port'
make -C ../../../src/common all
make[4]: Entering directory '/home/zpconn/code/aerostore/target/contention-tuned-validation/native-postgres/source/postgresql-16.13/src/common'
make[4]: Nothing to be done for 'all'.
make[4]: Leaving directory '/home/zpconn/code/aerostore/target/contention-tuned-validation/native-postgres/source/postgresql-16.13/src/common'
/usr/bin/mkdir -p '/home/zpconn/code/aerostore/target/contention-tuned-validation/native-postgres/install/bin'
/usr/bin/install -c  pg_resetwal '/home/zpconn/code/aerostore/target/contention-tuned-validation/native-postgres/install/bin/pg_resetwal'
make[3]: Leaving directory '/home/zpconn/code/aerostore/target/contention-tuned-validation/native-postgres/source/postgresql-16.13/src/bin/pg_resetwal'
make -C pg_rewind install
make[3]: Entering directory '/home/zpconn/code/aerostore/target/contention-tuned-validation/native-postgres/source/postgresql-16.13/src/bin/pg_rewind'
make -C ../../../src/interfaces/libpq all
make[4]: Entering directory '/home/zpconn/code/aerostore/target/contention-tuned-validation/native-postgres/source/postgresql-16.13/src/interfaces/libpq'
make -C ../../../src/port all
make[5]: Entering directory '/home/zpconn/code/aerostore/target/contention-tuned-validation/native-postgres/source/postgresql-16.13/src/port'
make[5]: Nothing to be done for 'all'.
make[5]: Leaving directory '/home/zpconn/code/aerostore/target/contention-tuned-validation/native-postgres/source/postgresql-16.13/src/port'
make -C ../../../src/common all
make[5]: Entering directory '/home/zpconn/code/aerostore/target/contention-tuned-validation/native-postgres/source/postgresql-16.13/src/common'
make[5]: Nothing to be done for 'all'.
make[5]: Leaving directory '/home/zpconn/code/aerostore/target/contention-tuned-validation/native-postgres/source/postgresql-16.13/src/common'
make[4]: Leaving directory '/home/zpconn/code/aerostore/target/contention-tuned-validation/native-postgres/source/postgresql-16.13/src/interfaces/libpq'
make -C ../../../src/port all
make[4]: Entering directory '/home/zpconn/code/aerostore/target/contention-tuned-validation/native-postgres/source/postgresql-16.13/src/port'
make[4]: Nothing to be done for 'all'.
make[4]: Leaving directory '/home/zpconn/code/aerostore/target/contention-tuned-validation/native-postgres/source/postgresql-16.13/src/port'
make -C ../../../src/common all
make[4]: Entering directory '/home/zpconn/code/aerostore/target/contention-tuned-validation/native-postgres/source/postgresql-16.13/src/common'
make[4]: Nothing to be done for 'all'.
make[4]: Leaving directory '/home/zpconn/code/aerostore/target/contention-tuned-validation/native-postgres/source/postgresql-16.13/src/common'
/usr/bin/mkdir -p '/home/zpconn/code/aerostore/target/contention-tuned-validation/native-postgres/install/bin'
/usr/bin/install -c  pg_rewind '/home/zpconn/code/aerostore/target/contention-tuned-validation/native-postgres/install/bin/pg_rewind'
make[3]: Leaving directory '/home/zpconn/code/aerostore/target/contention-tuned-validation/native-postgres/source/postgresql-16.13/src/bin/pg_rewind'
make -C pg_test_fsync install
make[3]: Entering directory '/home/zpconn/code/aerostore/target/contention-tuned-validation/native-postgres/source/postgresql-16.13/src/bin/pg_test_fsync'
make -C ../../../src/port all
make[4]: Entering directory '/home/zpconn/code/aerostore/target/contention-tuned-validation/native-postgres/source/postgresql-16.13/src/port'
make[4]: Nothing to be done for 'all'.
make[4]: Leaving directory '/home/zpconn/code/aerostore/target/contention-tuned-validation/native-postgres/source/postgresql-16.13/src/port'
make -C ../../../src/common all
make[4]: Entering directory '/home/zpconn/code/aerostore/target/contention-tuned-validation/native-postgres/source/postgresql-16.13/src/common'
make[4]: Nothing to be done for 'all'.
make[4]: Leaving directory '/home/zpconn/code/aerostore/target/contention-tuned-validation/native-postgres/source/postgresql-16.13/src/common'
/usr/bin/mkdir -p '/home/zpconn/code/aerostore/target/contention-tuned-validation/native-postgres/install/bin'
/usr/bin/install -c  pg_test_fsync '/home/zpconn/code/aerostore/target/contention-tuned-validation/native-postgres/install/bin/pg_test_fsync'
make[3]: Leaving directory '/home/zpconn/code/aerostore/target/contention-tuned-validation/native-postgres/source/postgresql-16.13/src/bin/pg_test_fsync'
make -C pg_test_timing install
make[3]: Entering directory '/home/zpconn/code/aerostore/target/contention-tuned-validation/native-postgres/source/postgresql-16.13/src/bin/pg_test_timing'
make -C ../../../src/port all
make[4]: Entering directory '/home/zpconn/code/aerostore/target/contention-tuned-validation/native-postgres/source/postgresql-16.13/src/port'
make[4]: Nothing to be done for 'all'.
make[4]: Leaving directory '/home/zpconn/code/aerostore/target/contention-tuned-validation/native-postgres/source/postgresql-16.13/src/port'
make -C ../../../src/common all
make[4]: Entering directory '/home/zpconn/code/aerostore/target/contention-tuned-validation/native-postgres/source/postgresql-16.13/src/common'
make[4]: Nothing to be done for 'all'.
make[4]: Leaving directory '/home/zpconn/code/aerostore/target/contention-tuned-validation/native-postgres/source/postgresql-16.13/src/common'
/usr/bin/mkdir -p '/home/zpconn/code/aerostore/target/contention-tuned-validation/native-postgres/install/bin'
/usr/bin/install -c  pg_test_timing '/home/zpconn/code/aerostore/target/contention-tuned-validation/native-postgres/install/bin/pg_test_timing'
make[3]: Leaving directory '/home/zpconn/code/aerostore/target/contention-tuned-validation/native-postgres/source/postgresql-16.13/src/bin/pg_test_timing'
make -C pg_upgrade install
make[3]: Entering directory '/home/zpconn/code/aerostore/target/contention-tuned-validation/native-postgres/source/postgresql-16.13/src/bin/pg_upgrade'
make -C ../../../src/interfaces/libpq all
make[4]: Entering directory '/home/zpconn/code/aerostore/target/contention-tuned-validation/native-postgres/source/postgresql-16.13/src/interfaces/libpq'
make -C ../../../src/port all
make[5]: Entering directory '/home/zpconn/code/aerostore/target/contention-tuned-validation/native-postgres/source/postgresql-16.13/src/port'
make[5]: Nothing to be done for 'all'.
make[5]: Leaving directory '/home/zpconn/code/aerostore/target/contention-tuned-validation/native-postgres/source/postgresql-16.13/src/port'
make -C ../../../src/common all
make[5]: Entering directory '/home/zpconn/code/aerostore/target/contention-tuned-validation/native-postgres/source/postgresql-16.13/src/common'
make[5]: Nothing to be done for 'all'.
make[5]: Leaving directory '/home/zpconn/code/aerostore/target/contention-tuned-validation/native-postgres/source/postgresql-16.13/src/common'
make[4]: Leaving directory '/home/zpconn/code/aerostore/target/contention-tuned-validation/native-postgres/source/postgresql-16.13/src/interfaces/libpq'
make -C ../../../src/port all
make[4]: Entering directory '/home/zpconn/code/aerostore/target/contention-tuned-validation/native-postgres/source/postgresql-16.13/src/port'
make[4]: Nothing to be done for 'all'.
make[4]: Leaving directory '/home/zpconn/code/aerostore/target/contention-tuned-validation/native-postgres/source/postgresql-16.13/src/port'
make -C ../../../src/common all
make[4]: Entering directory '/home/zpconn/code/aerostore/target/contention-tuned-validation/native-postgres/source/postgresql-16.13/src/common'
make[4]: Nothing to be done for 'all'.
make[4]: Leaving directory '/home/zpconn/code/aerostore/target/contention-tuned-validation/native-postgres/source/postgresql-16.13/src/common'
make -C ../../../src/port all
make[4]: Entering directory '/home/zpconn/code/aerostore/target/contention-tuned-validation/native-postgres/source/postgresql-16.13/src/port'
make[4]: Nothing to be done for 'all'.
make[4]: Leaving directory '/home/zpconn/code/aerostore/target/contention-tuned-validation/native-postgres/source/postgresql-16.13/src/port'
make -C ../../../src/common all
make[4]: Entering directory '/home/zpconn/code/aerostore/target/contention-tuned-validation/native-postgres/source/postgresql-16.13/src/common'
make[4]: Nothing to be done for 'all'.
make[4]: Leaving directory '/home/zpconn/code/aerostore/target/contention-tuned-validation/native-postgres/source/postgresql-16.13/src/common'
make -C ../../../src/fe_utils all
make[4]: Entering directory '/home/zpconn/code/aerostore/target/contention-tuned-validation/native-postgres/source/postgresql-16.13/src/fe_utils'
make[4]: Nothing to be done for 'all'.
make[4]: Leaving directory '/home/zpconn/code/aerostore/target/contention-tuned-validation/native-postgres/source/postgresql-16.13/src/fe_utils'
/usr/bin/mkdir -p '/home/zpconn/code/aerostore/target/contention-tuned-validation/native-postgres/install/bin'
/usr/bin/install -c  pg_upgrade '/home/zpconn/code/aerostore/target/contention-tuned-validation/native-postgres/install/bin/pg_upgrade'
make[3]: Leaving directory '/home/zpconn/code/aerostore/target/contention-tuned-validation/native-postgres/source/postgresql-16.13/src/bin/pg_upgrade'
make -C pg_verifybackup install
make[3]: Entering directory '/home/zpconn/code/aerostore/target/contention-tuned-validation/native-postgres/source/postgresql-16.13/src/bin/pg_verifybackup'
make -C ../../../src/interfaces/libpq all
make[4]: Entering directory '/home/zpconn/code/aerostore/target/contention-tuned-validation/native-postgres/source/postgresql-16.13/src/interfaces/libpq'
make -C ../../../src/port all
make[5]: Entering directory '/home/zpconn/code/aerostore/target/contention-tuned-validation/native-postgres/source/postgresql-16.13/src/port'
make[5]: Nothing to be done for 'all'.
make[5]: Leaving directory '/home/zpconn/code/aerostore/target/contention-tuned-validation/native-postgres/source/postgresql-16.13/src/port'
make -C ../../../src/common all
make[5]: Entering directory '/home/zpconn/code/aerostore/target/contention-tuned-validation/native-postgres/source/postgresql-16.13/src/common'
make[5]: Nothing to be done for 'all'.
make[5]: Leaving directory '/home/zpconn/code/aerostore/target/contention-tuned-validation/native-postgres/source/postgresql-16.13/src/common'
make[4]: Leaving directory '/home/zpconn/code/aerostore/target/contention-tuned-validation/native-postgres/source/postgresql-16.13/src/interfaces/libpq'
make -C ../../../src/port all
make[4]: Entering directory '/home/zpconn/code/aerostore/target/contention-tuned-validation/native-postgres/source/postgresql-16.13/src/port'
make[4]: Nothing to be done for 'all'.
make[4]: Leaving directory '/home/zpconn/code/aerostore/target/contention-tuned-validation/native-postgres/source/postgresql-16.13/src/port'
make -C ../../../src/common all
make[4]: Entering directory '/home/zpconn/code/aerostore/target/contention-tuned-validation/native-postgres/source/postgresql-16.13/src/common'
make[4]: Nothing to be done for 'all'.
make[4]: Leaving directory '/home/zpconn/code/aerostore/target/contention-tuned-validation/native-postgres/source/postgresql-16.13/src/common'
make -C ../../../src/port all
make[4]: Entering directory '/home/zpconn/code/aerostore/target/contention-tuned-validation/native-postgres/source/postgresql-16.13/src/port'
make[4]: Nothing to be done for 'all'.
make[4]: Leaving directory '/home/zpconn/code/aerostore/target/contention-tuned-validation/native-postgres/source/postgresql-16.13/src/port'
make -C ../../../src/common all
make[4]: Entering directory '/home/zpconn/code/aerostore/target/contention-tuned-validation/native-postgres/source/postgresql-16.13/src/common'
make[4]: Nothing to be done for 'all'.
make[4]: Leaving directory '/home/zpconn/code/aerostore/target/contention-tuned-validation/native-postgres/source/postgresql-16.13/src/common'
make -C ../../../src/fe_utils all
make[4]: Entering directory '/home/zpconn/code/aerostore/target/contention-tuned-validation/native-postgres/source/postgresql-16.13/src/fe_utils'
make[4]: Nothing to be done for 'all'.
make[4]: Leaving directory '/home/zpconn/code/aerostore/target/contention-tuned-validation/native-postgres/source/postgresql-16.13/src/fe_utils'
/usr/bin/mkdir -p '/home/zpconn/code/aerostore/target/contention-tuned-validation/native-postgres/install/bin'
/usr/bin/install -c  pg_verifybackup '/home/zpconn/code/aerostore/target/contention-tuned-validation/native-postgres/install/bin/pg_verifybackup'
make[3]: Leaving directory '/home/zpconn/code/aerostore/target/contention-tuned-validation/native-postgres/source/postgresql-16.13/src/bin/pg_verifybackup'
make -C pg_waldump install
make[3]: Entering directory '/home/zpconn/code/aerostore/target/contention-tuned-validation/native-postgres/source/postgresql-16.13/src/bin/pg_waldump'
make -C ../../../src/port all
make[4]: Entering directory '/home/zpconn/code/aerostore/target/contention-tuned-validation/native-postgres/source/postgresql-16.13/src/port'
make[4]: Nothing to be done for 'all'.
make[4]: Leaving directory '/home/zpconn/code/aerostore/target/contention-tuned-validation/native-postgres/source/postgresql-16.13/src/port'
make -C ../../../src/common all
make[4]: Entering directory '/home/zpconn/code/aerostore/target/contention-tuned-validation/native-postgres/source/postgresql-16.13/src/common'
make[4]: Nothing to be done for 'all'.
make[4]: Leaving directory '/home/zpconn/code/aerostore/target/contention-tuned-validation/native-postgres/source/postgresql-16.13/src/common'
/usr/bin/mkdir -p '/home/zpconn/code/aerostore/target/contention-tuned-validation/native-postgres/install/bin'
/usr/bin/install -c  pg_waldump '/home/zpconn/code/aerostore/target/contention-tuned-validation/native-postgres/install/bin/pg_waldump'
make[3]: Leaving directory '/home/zpconn/code/aerostore/target/contention-tuned-validation/native-postgres/source/postgresql-16.13/src/bin/pg_waldump'
make -C pgbench install
make[3]: Entering directory '/home/zpconn/code/aerostore/target/contention-tuned-validation/native-postgres/source/postgresql-16.13/src/bin/pgbench'
make -C ../../../src/interfaces/libpq all
make[4]: Entering directory '/home/zpconn/code/aerostore/target/contention-tuned-validation/native-postgres/source/postgresql-16.13/src/interfaces/libpq'
make -C ../../../src/port all
make[5]: Entering directory '/home/zpconn/code/aerostore/target/contention-tuned-validation/native-postgres/source/postgresql-16.13/src/port'
make[5]: Nothing to be done for 'all'.
make[5]: Leaving directory '/home/zpconn/code/aerostore/target/contention-tuned-validation/native-postgres/source/postgresql-16.13/src/port'
make -C ../../../src/common all
make[5]: Entering directory '/home/zpconn/code/aerostore/target/contention-tuned-validation/native-postgres/source/postgresql-16.13/src/common'
make[5]: Nothing to be done for 'all'.
make[5]: Leaving directory '/home/zpconn/code/aerostore/target/contention-tuned-validation/native-postgres/source/postgresql-16.13/src/common'
make[4]: Leaving directory '/home/zpconn/code/aerostore/target/contention-tuned-validation/native-postgres/source/postgresql-16.13/src/interfaces/libpq'
make -C ../../../src/port all
make[4]: Entering directory '/home/zpconn/code/aerostore/target/contention-tuned-validation/native-postgres/source/postgresql-16.13/src/port'
make[4]: Nothing to be done for 'all'.
make[4]: Leaving directory '/home/zpconn/code/aerostore/target/contention-tuned-validation/native-postgres/source/postgresql-16.13/src/port'
make -C ../../../src/common all
make[4]: Entering directory '/home/zpconn/code/aerostore/target/contention-tuned-validation/native-postgres/source/postgresql-16.13/src/common'
make[4]: Nothing to be done for 'all'.
make[4]: Leaving directory '/home/zpconn/code/aerostore/target/contention-tuned-validation/native-postgres/source/postgresql-16.13/src/common'
make -C ../../../src/port all
make[4]: Entering directory '/home/zpconn/code/aerostore/target/contention-tuned-validation/native-postgres/source/postgresql-16.13/src/port'
make[4]: Nothing to be done for 'all'.
make[4]: Leaving directory '/home/zpconn/code/aerostore/target/contention-tuned-validation/native-postgres/source/postgresql-16.13/src/port'
make -C ../../../src/common all
make[4]: Entering directory '/home/zpconn/code/aerostore/target/contention-tuned-validation/native-postgres/source/postgresql-16.13/src/common'
make[4]: Nothing to be done for 'all'.
make[4]: Leaving directory '/home/zpconn/code/aerostore/target/contention-tuned-validation/native-postgres/source/postgresql-16.13/src/common'
make -C ../../../src/fe_utils all
make[4]: Entering directory '/home/zpconn/code/aerostore/target/contention-tuned-validation/native-postgres/source/postgresql-16.13/src/fe_utils'
make[4]: Nothing to be done for 'all'.
make[4]: Leaving directory '/home/zpconn/code/aerostore/target/contention-tuned-validation/native-postgres/source/postgresql-16.13/src/fe_utils'
/usr/bin/mkdir -p '/home/zpconn/code/aerostore/target/contention-tuned-validation/native-postgres/install/bin'
/usr/bin/install -c  pgbench '/home/zpconn/code/aerostore/target/contention-tuned-validation/native-postgres/install/bin/pgbench'
make[3]: Leaving directory '/home/zpconn/code/aerostore/target/contention-tuned-validation/native-postgres/source/postgresql-16.13/src/bin/pgbench'
make -C psql install
make[3]: Entering directory '/home/zpconn/code/aerostore/target/contention-tuned-validation/native-postgres/source/postgresql-16.13/src/bin/psql'
make -C ../../../src/interfaces/libpq all
make[4]: Entering directory '/home/zpconn/code/aerostore/target/contention-tuned-validation/native-postgres/source/postgresql-16.13/src/interfaces/libpq'
make -C ../../../src/port all
make[5]: Entering directory '/home/zpconn/code/aerostore/target/contention-tuned-validation/native-postgres/source/postgresql-16.13/src/port'
make[5]: Nothing to be done for 'all'.
make[5]: Leaving directory '/home/zpconn/code/aerostore/target/contention-tuned-validation/native-postgres/source/postgresql-16.13/src/port'
make -C ../../../src/common all
make[5]: Entering directory '/home/zpconn/code/aerostore/target/contention-tuned-validation/native-postgres/source/postgresql-16.13/src/common'
make[5]: Nothing to be done for 'all'.
make[5]: Leaving directory '/home/zpconn/code/aerostore/target/contention-tuned-validation/native-postgres/source/postgresql-16.13/src/common'
make[4]: Leaving directory '/home/zpconn/code/aerostore/target/contention-tuned-validation/native-postgres/source/postgresql-16.13/src/interfaces/libpq'
make -C ../../../src/port all
make[4]: Entering directory '/home/zpconn/code/aerostore/target/contention-tuned-validation/native-postgres/source/postgresql-16.13/src/port'
make[4]: Nothing to be done for 'all'.
make[4]: Leaving directory '/home/zpconn/code/aerostore/target/contention-tuned-validation/native-postgres/source/postgresql-16.13/src/port'
make -C ../../../src/common all
make[4]: Entering directory '/home/zpconn/code/aerostore/target/contention-tuned-validation/native-postgres/source/postgresql-16.13/src/common'
make[4]: Nothing to be done for 'all'.
make[4]: Leaving directory '/home/zpconn/code/aerostore/target/contention-tuned-validation/native-postgres/source/postgresql-16.13/src/common'
make -C ../../../src/port all
make[4]: Entering directory '/home/zpconn/code/aerostore/target/contention-tuned-validation/native-postgres/source/postgresql-16.13/src/port'
make[4]: Nothing to be done for 'all'.
make[4]: Leaving directory '/home/zpconn/code/aerostore/target/contention-tuned-validation/native-postgres/source/postgresql-16.13/src/port'
make -C ../../../src/common all
make[4]: Entering directory '/home/zpconn/code/aerostore/target/contention-tuned-validation/native-postgres/source/postgresql-16.13/src/common'
make[4]: Nothing to be done for 'all'.
make[4]: Leaving directory '/home/zpconn/code/aerostore/target/contention-tuned-validation/native-postgres/source/postgresql-16.13/src/common'
make -C ../../../src/fe_utils all
make[4]: Entering directory '/home/zpconn/code/aerostore/target/contention-tuned-validation/native-postgres/source/postgresql-16.13/src/fe_utils'
make[4]: Nothing to be done for 'all'.
make[4]: Leaving directory '/home/zpconn/code/aerostore/target/contention-tuned-validation/native-postgres/source/postgresql-16.13/src/fe_utils'
/usr/bin/mkdir -p '/home/zpconn/code/aerostore/target/contention-tuned-validation/native-postgres/install/bin' '/home/zpconn/code/aerostore/target/contention-tuned-validation/native-postgres/install/share'
/usr/bin/install -c  psql '/home/zpconn/code/aerostore/target/contention-tuned-validation/native-postgres/install/bin/psql'
/usr/bin/install -c -m 644 ./psqlrc.sample '/home/zpconn/code/aerostore/target/contention-tuned-validation/native-postgres/install/share/psqlrc.sample'
make[3]: Leaving directory '/home/zpconn/code/aerostore/target/contention-tuned-validation/native-postgres/source/postgresql-16.13/src/bin/psql'
make -C scripts install
make[3]: Entering directory '/home/zpconn/code/aerostore/target/contention-tuned-validation/native-postgres/source/postgresql-16.13/src/bin/scripts'
make -C ../../../src/interfaces/libpq all
make[4]: Entering directory '/home/zpconn/code/aerostore/target/contention-tuned-validation/native-postgres/source/postgresql-16.13/src/interfaces/libpq'
make -C ../../../src/port all
make[5]: Entering directory '/home/zpconn/code/aerostore/target/contention-tuned-validation/native-postgres/source/postgresql-16.13/src/port'
make[5]: Nothing to be done for 'all'.
make[5]: Leaving directory '/home/zpconn/code/aerostore/target/contention-tuned-validation/native-postgres/source/postgresql-16.13/src/port'
make -C ../../../src/common all
make[5]: Entering directory '/home/zpconn/code/aerostore/target/contention-tuned-validation/native-postgres/source/postgresql-16.13/src/common'
make[5]: Nothing to be done for 'all'.
make[5]: Leaving directory '/home/zpconn/code/aerostore/target/contention-tuned-validation/native-postgres/source/postgresql-16.13/src/common'
make[4]: Leaving directory '/home/zpconn/code/aerostore/target/contention-tuned-validation/native-postgres/source/postgresql-16.13/src/interfaces/libpq'
make -C ../../../src/port all
make[4]: Entering directory '/home/zpconn/code/aerostore/target/contention-tuned-validation/native-postgres/source/postgresql-16.13/src/port'
make[4]: Nothing to be done for 'all'.
make[4]: Leaving directory '/home/zpconn/code/aerostore/target/contention-tuned-validation/native-postgres/source/postgresql-16.13/src/port'
make -C ../../../src/common all
make[4]: Entering directory '/home/zpconn/code/aerostore/target/contention-tuned-validation/native-postgres/source/postgresql-16.13/src/common'
make[4]: Nothing to be done for 'all'.
make[4]: Leaving directory '/home/zpconn/code/aerostore/target/contention-tuned-validation/native-postgres/source/postgresql-16.13/src/common'
make -C ../../../src/port all
make[4]: Entering directory '/home/zpconn/code/aerostore/target/contention-tuned-validation/native-postgres/source/postgresql-16.13/src/port'
make[4]: Nothing to be done for 'all'.
make[4]: Leaving directory '/home/zpconn/code/aerostore/target/contention-tuned-validation/native-postgres/source/postgresql-16.13/src/port'
make -C ../../../src/common all
make[4]: Entering directory '/home/zpconn/code/aerostore/target/contention-tuned-validation/native-postgres/source/postgresql-16.13/src/common'
make[4]: Nothing to be done for 'all'.
make[4]: Leaving directory '/home/zpconn/code/aerostore/target/contention-tuned-validation/native-postgres/source/postgresql-16.13/src/common'
make -C ../../../src/fe_utils all
make[4]: Entering directory '/home/zpconn/code/aerostore/target/contention-tuned-validation/native-postgres/source/postgresql-16.13/src/fe_utils'
make[4]: Nothing to be done for 'all'.
make[4]: Leaving directory '/home/zpconn/code/aerostore/target/contention-tuned-validation/native-postgres/source/postgresql-16.13/src/fe_utils'
/usr/bin/mkdir -p '/home/zpconn/code/aerostore/target/contention-tuned-validation/native-postgres/install/bin'
/usr/bin/install -c  createdb   '/home/zpconn/code/aerostore/target/contention-tuned-validation/native-postgres/install/bin'/createdb
/usr/bin/install -c  dropdb     '/home/zpconn/code/aerostore/target/contention-tuned-validation/native-postgres/install/bin'/dropdb
/usr/bin/install -c  createuser '/home/zpconn/code/aerostore/target/contention-tuned-validation/native-postgres/install/bin'/createuser
/usr/bin/install -c  dropuser   '/home/zpconn/code/aerostore/target/contention-tuned-validation/native-postgres/install/bin'/dropuser
/usr/bin/install -c  clusterdb  '/home/zpconn/code/aerostore/target/contention-tuned-validation/native-postgres/install/bin'/clusterdb
/usr/bin/install -c  vacuumdb   '/home/zpconn/code/aerostore/target/contention-tuned-validation/native-postgres/install/bin'/vacuumdb
/usr/bin/install -c  reindexdb  '/home/zpconn/code/aerostore/target/contention-tuned-validation/native-postgres/install/bin'/reindexdb
/usr/bin/install -c  pg_isready '/home/zpconn/code/aerostore/target/contention-tuned-validation/native-postgres/install/bin'/pg_isready
make[3]: Leaving directory '/home/zpconn/code/aerostore/target/contention-tuned-validation/native-postgres/source/postgresql-16.13/src/bin/scripts'
make[2]: Leaving directory '/home/zpconn/code/aerostore/target/contention-tuned-validation/native-postgres/source/postgresql-16.13/src/bin'
make -C pl install
make[2]: Entering directory '/home/zpconn/code/aerostore/target/contention-tuned-validation/native-postgres/source/postgresql-16.13/src/pl'
make -C plpgsql install
make[3]: Entering directory '/home/zpconn/code/aerostore/target/contention-tuned-validation/native-postgres/source/postgresql-16.13/src/pl/plpgsql'
make -C src install
make[4]: Entering directory '/home/zpconn/code/aerostore/target/contention-tuned-validation/native-postgres/source/postgresql-16.13/src/pl/plpgsql/src'
/usr/bin/mkdir -p '/home/zpconn/code/aerostore/target/contention-tuned-validation/native-postgres/install/lib'
/usr/bin/install -c -m 755  plpgsql.so '/home/zpconn/code/aerostore/target/contention-tuned-validation/native-postgres/install/lib/plpgsql.so'
/usr/bin/mkdir -p '/home/zpconn/code/aerostore/target/contention-tuned-validation/native-postgres/install/share/extension'
/usr/bin/mkdir -p '/home/zpconn/code/aerostore/target/contention-tuned-validation/native-postgres/install/include/server'
/usr/bin/install -c -m 644 ./plpgsql.control ./plpgsql--1.0.sql '/home/zpconn/code/aerostore/target/contention-tuned-validation/native-postgres/install/share/extension/'
/usr/bin/install -c -m 644 './plpgsql.h' '/home/zpconn/code/aerostore/target/contention-tuned-validation/native-postgres/install/include/server'
make[4]: Leaving directory '/home/zpconn/code/aerostore/target/contention-tuned-validation/native-postgres/source/postgresql-16.13/src/pl/plpgsql/src'
make[3]: Leaving directory '/home/zpconn/code/aerostore/target/contention-tuned-validation/native-postgres/source/postgresql-16.13/src/pl/plpgsql'
make[2]: Leaving directory '/home/zpconn/code/aerostore/target/contention-tuned-validation/native-postgres/source/postgresql-16.13/src/pl'
make -C makefiles install
make[2]: Entering directory '/home/zpconn/code/aerostore/target/contention-tuned-validation/native-postgres/source/postgresql-16.13/src/makefiles'
/usr/bin/mkdir -p '/home/zpconn/code/aerostore/target/contention-tuned-validation/native-postgres/install/lib/pgxs/src/makefiles'
/usr/bin/install -c -m 644 ./pgxs.mk '/home/zpconn/code/aerostore/target/contention-tuned-validation/native-postgres/install/lib/pgxs/src/makefiles/'
make[2]: Leaving directory '/home/zpconn/code/aerostore/target/contention-tuned-validation/native-postgres/source/postgresql-16.13/src/makefiles'
make -C test/regress install
make[2]: Entering directory '/home/zpconn/code/aerostore/target/contention-tuned-validation/native-postgres/source/postgresql-16.13/src/test/regress'
make -C ../../../src/port all
make[3]: Entering directory '/home/zpconn/code/aerostore/target/contention-tuned-validation/native-postgres/source/postgresql-16.13/src/port'
make[3]: Nothing to be done for 'all'.
make[3]: Leaving directory '/home/zpconn/code/aerostore/target/contention-tuned-validation/native-postgres/source/postgresql-16.13/src/port'
make -C ../../../src/common all
make[3]: Entering directory '/home/zpconn/code/aerostore/target/contention-tuned-validation/native-postgres/source/postgresql-16.13/src/common'
make[3]: Nothing to be done for 'all'.
make[3]: Leaving directory '/home/zpconn/code/aerostore/target/contention-tuned-validation/native-postgres/source/postgresql-16.13/src/common'
make -C ../../../contrib/spi
make[3]: Entering directory '/home/zpconn/code/aerostore/target/contention-tuned-validation/native-postgres/source/postgresql-16.13/contrib/spi'
make[3]: Nothing to be done for 'all'.
make[3]: Leaving directory '/home/zpconn/code/aerostore/target/contention-tuned-validation/native-postgres/source/postgresql-16.13/contrib/spi'
/usr/bin/mkdir -p '/home/zpconn/code/aerostore/target/contention-tuned-validation/native-postgres/install/lib/pgxs/src/test/regress'
/usr/bin/install -c  pg_regress '/home/zpconn/code/aerostore/target/contention-tuned-validation/native-postgres/install/lib/pgxs/src/test/regress/pg_regress'
make[2]: Leaving directory '/home/zpconn/code/aerostore/target/contention-tuned-validation/native-postgres/source/postgresql-16.13/src/test/regress'
make -C test/isolation install
make[2]: Entering directory '/home/zpconn/code/aerostore/target/contention-tuned-validation/native-postgres/source/postgresql-16.13/src/test/isolation'
make -C ../../../src/interfaces/libpq all
make[3]: Entering directory '/home/zpconn/code/aerostore/target/contention-tuned-validation/native-postgres/source/postgresql-16.13/src/interfaces/libpq'
make -C ../../../src/port all
make[4]: Entering directory '/home/zpconn/code/aerostore/target/contention-tuned-validation/native-postgres/source/postgresql-16.13/src/port'
make[4]: Nothing to be done for 'all'.
make[4]: Leaving directory '/home/zpconn/code/aerostore/target/contention-tuned-validation/native-postgres/source/postgresql-16.13/src/port'
make -C ../../../src/common all
make[4]: Entering directory '/home/zpconn/code/aerostore/target/contention-tuned-validation/native-postgres/source/postgresql-16.13/src/common'
make[4]: Nothing to be done for 'all'.
make[4]: Leaving directory '/home/zpconn/code/aerostore/target/contention-tuned-validation/native-postgres/source/postgresql-16.13/src/common'
make[3]: Leaving directory '/home/zpconn/code/aerostore/target/contention-tuned-validation/native-postgres/source/postgresql-16.13/src/interfaces/libpq'
make -C ../../../src/port all
make[3]: Entering directory '/home/zpconn/code/aerostore/target/contention-tuned-validation/native-postgres/source/postgresql-16.13/src/port'
make[3]: Nothing to be done for 'all'.
make[3]: Leaving directory '/home/zpconn/code/aerostore/target/contention-tuned-validation/native-postgres/source/postgresql-16.13/src/port'
make -C ../../../src/common all
make[3]: Entering directory '/home/zpconn/code/aerostore/target/contention-tuned-validation/native-postgres/source/postgresql-16.13/src/common'
make[3]: Nothing to be done for 'all'.
make[3]: Leaving directory '/home/zpconn/code/aerostore/target/contention-tuned-validation/native-postgres/source/postgresql-16.13/src/common'
/usr/bin/mkdir -p '/home/zpconn/code/aerostore/target/contention-tuned-validation/native-postgres/install/lib/pgxs/src/test/isolation'
/usr/bin/install -c  pg_isolation_regress '/home/zpconn/code/aerostore/target/contention-tuned-validation/native-postgres/install/lib/pgxs/src/test/isolation/pg_isolation_regress'
/usr/bin/install -c  isolationtester '/home/zpconn/code/aerostore/target/contention-tuned-validation/native-postgres/install/lib/pgxs/src/test/isolation/isolationtester'
make[2]: Leaving directory '/home/zpconn/code/aerostore/target/contention-tuned-validation/native-postgres/source/postgresql-16.13/src/test/isolation'
make -C test/perl install
make[2]: Entering directory '/home/zpconn/code/aerostore/target/contention-tuned-validation/native-postgres/source/postgresql-16.13/src/test/perl'
make[2]: Nothing to be done for 'install'.
make[2]: Leaving directory '/home/zpconn/code/aerostore/target/contention-tuned-validation/native-postgres/source/postgresql-16.13/src/test/perl'
/usr/bin/mkdir -p '/home/zpconn/code/aerostore/target/contention-tuned-validation/native-postgres/install/lib/pgxs/src'
/usr/bin/install -c -m 644 Makefile.global '/home/zpconn/code/aerostore/target/contention-tuned-validation/native-postgres/install/lib/pgxs/src/Makefile.global'
/usr/bin/install -c -m 644 Makefile.port '/home/zpconn/code/aerostore/target/contention-tuned-validation/native-postgres/install/lib/pgxs/src/Makefile.port'
/usr/bin/install -c -m 644 ./Makefile.shlib '/home/zpconn/code/aerostore/target/contention-tuned-validation/native-postgres/install/lib/pgxs/src/Makefile.shlib'
/usr/bin/install -c -m 644 ./nls-global.mk '/home/zpconn/code/aerostore/target/contention-tuned-validation/native-postgres/install/lib/pgxs/src/nls-global.mk'
make[1]: Leaving directory '/home/zpconn/code/aerostore/target/contention-tuned-validation/native-postgres/source/postgresql-16.13/src'
make -C config install
make[1]: Entering directory '/home/zpconn/code/aerostore/target/contention-tuned-validation/native-postgres/source/postgresql-16.13/config'
/usr/bin/mkdir -p '/home/zpconn/code/aerostore/target/contention-tuned-validation/native-postgres/install/lib/pgxs/config'
/usr/bin/install -c -m 755 ./install-sh '/home/zpconn/code/aerostore/target/contention-tuned-validation/native-postgres/install/lib/pgxs/config/install-sh'
/usr/bin/install -c -m 755 ./missing '/home/zpconn/code/aerostore/target/contention-tuned-validation/native-postgres/install/lib/pgxs/config/missing'
make[1]: Leaving directory '/home/zpconn/code/aerostore/target/contention-tuned-validation/native-postgres/source/postgresql-16.13/config'
